Order ID,Order Date,Customer,Customer Segment,Region,Category,Product,Quantity,List Price,Gross Sales,Discount Rate,Discount Amount,Revenue,Cost,Profit,Profit Margin %
ORD-2023-1591,2023-01-01,Vanguard Financial Systems,Enterprise,North America,Enterprise Software,Analytics Cloud Pro,6,2800,16800,0.069,1159.2,15640.8,4037.42,11603.38,74.19
ORD-2023-1059,2023-01-01,Apex Global Tech,Enterprise,North America,Professional Services,Custom Integration Toolkit,11,2500,27500,0.038,1045.0,26455.0,15050.79,11404.21,43.11
ORD-2023-1510,2023-01-01,Nexus Telecom,Mid-Market,Asia-Pacific,Workplace & Office Solutions,Modular Acoustic Pods,1,4200,4200,0.163,684.6,3515.4,3790.55,-275.15,-7.83
ORD-2023-2394,2023-01-02,Global Wholesale Direct,Enterprise,Europe,Enterprise Software,Analytics Cloud Pro,11,2800,30800,0.408,12566.4,18233.6,7562.76,10670.84,58.52
ORD-2023-1494,2023-01-03,Vanguard Financial Systems,Enterprise,North America,Workplace & Office Solutions,Conference Audio Matrix,6,1100,6600,0.011,72.6,6527.4,4904.01,1623.39,24.87
ORD-2023-2044,2023-01-03,Precision Robotics Ltd,Mid-Market,Asia-Pacific,Professional Services,Cloud Migration Sprint,2,5000,10000,0.05,500.0,9500.0,5323.12,4176.88,43.97
ORD-2023-2073,2023-01-04,Apex Global Tech,Enterprise,North America,Enterprise Software,DevOps Automation Hub,6,1900,11400,0.058,661.2,10738.8,3744.43,6994.37,65.13
ORD-2023-2165,2023-01-04,Vanguard Financial Systems,Mid-Market,North America,Professional Services,24/7 Managed SRE Support,4,4000,16000,0.037,592.0,15408.0,9991.49,5416.51,35.15
ORD-2023-2167,2023-01-04,Acrobat Logistics Group,Mid-Market,Latin America,Workplace & Office Solutions,Modular Acoustic Pods,4,4200,16800,0.199,3343.2,13456.8,15472.53,-2015.73,-14.98
ORD-2023-1481,2023-01-05,Precision Robotics Ltd,Mid-Market,Asia-Pacific,Workplace & Office Solutions,Modular Acoustic Pods,4,4200,16800,0.022,369.6,16430.4,14053.3,2377.1,14.47
ORD-2023-1850,2023-01-05,Synergy BioLabs,Mid-Market,Europe,Workplace & Office Solutions,Conference Audio Matrix,2,1100,2200,0.049,107.8,2092.2,1735.7,356.5,17.04
ORD-2023-2123,2023-01-05,Horizon Media Network,Mid-Market,Latin America,Professional Services,Custom Integration Toolkit,1,2500,2500,0.074,185.0,2315.0,1398.69,916.31,39.58
ORD-2023-1957,2023-01-05,Global Wholesale Direct,Enterprise,Asia-Pacific,Professional Services,Architecture Review & Audit,13,3500,45500,0.415,18882.5,26617.5,23966.34,2651.16,9.96
ORD-2023-1960,2023-01-06,Pinnacle Manufacturing,Mid-Market,North America,Workplace & Office Solutions,Modular Acoustic Pods,5,4200,21000,0.09,1890.0,19110.0,17202.6,1907.4,9.98
ORD-2023-2441,2023-01-06,Orion Consumer Goods,Mid-Market,Latin America,Hardware & Infrastructure,Edge AI Gateway Server,3,6500,19500,0.156,3042.0,16458.0,14703.2,1754.8,10.66
ORD-2023-2010,2023-01-06,Global Wholesale Direct,Enterprise,Asia-Pacific,Enterprise Software,DevOps Automation Hub,8,1900,15200,0.402,6110.4,9089.6,5173.36,3916.24,43.08
ORD-2023-1664,2023-01-07,Beacon Healthcare,Enterprise,Asia-Pacific,Enterprise Software,CyberSecurity Platform,7,3200,22400,0.055,1232.0,21168.0,6509.32,14658.68,69.25
ORD-2023-1306,2023-01-07,Orion Consumer Goods,Mid-Market,Latin America,Workplace & Office Solutions,Modular Acoustic Pods,1,4200,4200,0.173,726.6,3473.4,3612.51,-139.11,-4.01
ORD-2023-1581,2023-01-08,Global Wholesale Direct,Enterprise,Asia-Pacific,Enterprise Software,Cloud ERP Suite,12,4500,54000,0.388,20952.0,33048.0,14064.54,18983.46,57.44
ORD-2023-2499,2023-01-08,OmniCorp International,Enterprise,Middle East & Africa,Enterprise Software,CyberSecurity Platform,18,3200,57600,0.381,21945.6,35654.4,17067.23,18587.17,52.13
ORD-2023-1766,2023-01-08,Apex Horizon Distribution,Enterprise,Latin America,Hardware & Infrastructure,High-Density Rack Switch,10,3800,38000,0.348,13224.0,24776.0,30404.1,-5628.1,-22.72
ORD-2023-1982,2023-01-09,Sterling & Cross Partners,Enterprise,Europe,Workplace & Office Solutions,Ergonomic Smart Desk Suite,6,1600,9600,0.059,566.4,9033.6,8587.55,446.05,4.94
ORD-2023-2047,2023-01-09,Beacon Healthcare,Enterprise,Asia-Pacific,Workplace & Office Solutions,Executive Telepresence Unit,14,2900,40600,0.046,1867.6,38732.4,34236.97,4495.43,11.61
ORD-2023-1683,2023-01-09,Vanguard Financial Systems,Enterprise,North America,Professional Services,Cloud Migration Sprint,10,5000,50000,0.014,700.0,49300.0,29003.76,20296.24,41.17
ORD-2023-1465,2023-01-09,Cascade Industrial Works,Mid-Market,Middle East & Africa,Workplace & Office Solutions,Executive Telepresence Unit,3,2900,8700,0.112,974.4,7725.6,7563.77,161.83,2.09
ORD-2023-1535,2023-01-10,Pinnacle Manufacturing,Enterprise,North America,Professional Services,Architecture Review & Audit,8,3500,28000,0.07,1960.0,26040.0,14327.73,11712.27,44.98
ORD-2023-1643,2023-01-10,Beacon Healthcare,Enterprise,Asia-Pacific,Enterprise Software,DevOps Automation Hub,6,1900,11400,0.088,1003.2,10396.8,3691.94,6704.86,64.49
ORD-2023-1611,2023-01-10,Apex Global Tech,Enterprise,Europe,Hardware & Infrastructure,High-Density Rack Switch,10,3800,38000,0.031,1178.0,36822.0,31463.38,5358.62,14.55
ORD-2023-1589,2023-01-11,Quantum Dynamics,Enterprise,Europe,Hardware & Infrastructure,Industrial IoT Sensor Pack,10,1200,12000,0.044,528.0,11472.0,9318.55,2153.45,18.77
ORD-2023-2261,2023-01-11,Titan Energy Partners,Enterprise,Middle East & Africa,Professional Services,Cloud Migration Sprint,13,5000,65000,0.069,4485.0,60515.0,35617.63,24897.37,41.14
ORD-2023-1784,2023-01-11,OmniCorp International,Enterprise,Europe,Professional Services,Architecture Review & Audit,9,3500,31500,0.394,12411.0,19089.0,17141.54,1947.46,10.2
ORD-2023-2362,2023-01-12,Beacon Healthcare,Enterprise,Asia-Pacific,Enterprise Software,Cloud ERP Suite,8,4500,36000,0.076,2736.0,33264.0,9386.79,23877.21,71.78
ORD-2023-1763,2023-01-12,Beacon Healthcare,Mid-Market,Asia-Pacific,Professional Services,Architecture Review & Audit,5,3500,17500,0.044,770.0,16730.0,8568.38,8161.62,48.78
ORD-2023-1392,2023-01-13,MegaRetail Logistics,Enterprise,North America,Enterprise Software,Cloud ERP Suite,17,4500,76500,0.344,26316.0,50184.0,20631.12,29552.88,58.89
ORD-2023-1976,2023-01-14,Beacon Healthcare,Mid-Market,Asia-Pacific,Enterprise Software,DevOps Automation Hub,4,1900,7600,0.049,372.4,7227.6,2428.86,4798.74,66.39
ORD-2023-1523,2023-01-14,Orion Consumer Goods,Enterprise,Latin America,Workplace & Office Solutions,Conference Audio Matrix,7,1100,7700,0.172,1324.4,6375.6,5672.05,703.55,11.04
ORD-2023-2291,2023-01-14,MegaRetail Logistics,Enterprise,North America,Professional Services,Custom Integration Toolkit,16,2500,40000,0.352,14080.0,25920.0,21733.94,4186.06,16.15
ORD-2023-1140,2023-01-15,Orion Consumer Goods,Enterprise,Latin America,Professional Services,Cloud Migration Sprint,7,5000,35000,0.146,5110.0,29890.0,18934.9,10955.1,36.65
ORD-2023-2220,2023-01-15,Titan Energy Partners,Enterprise,Middle East & Africa,Workplace & Office Solutions,Ergonomic Smart Desk Suite,9,1600,14400,0.057,820.8,13579.2,12981.25,597.95,4.4
ORD-2023-1804,2023-01-15,FinTech Innovations,Mid-Market,Middle East & Africa,Enterprise Software,CyberSecurity Platform,2,3200,6400,0.019,121.6,6278.4,1817.34,4461.06,71.05
ORD-2023-1881,2023-01-15,Beacon Healthcare,Mid-Market,Asia-Pacific,Hardware & Infrastructure,Edge AI Gateway Server,4,6500,26000,0.066,1716.0,24284.0,20026.67,4257.33,17.53
ORD-2023-1741,2023-01-16,Global Wholesale Direct,Mid-Market,Asia-Pacific,Hardware & Infrastructure,NVMe SAN Storage Array,5,8200,41000,0.492,20172.0,20828.0,35284.92,-14456.92,-69.41
ORD-2023-2338,2023-01-16,Discount Express Corp,Mid-Market,Europe,Enterprise Software,DevOps Automation Hub,1,1900,1900,0.386,733.4,1166.6,631.66,534.94,45.85
ORD-2023-1030,2023-01-16,Apex Global Tech,Enterprise,North America,Enterprise Software,Cloud ERP Suite,13,4500,58500,0.078,4563.0,53937.0,16698.67,37238.33,69.04
ORD-2023-1151,2023-01-16,Zenith Biopharma,Mid-Market,Asia-Pacific,Enterprise Software,Cloud ERP Suite,3,4500,13500,0.075,1012.5,12487.5,3788.99,8698.51,69.66
ORD-2023-2329,2023-01-17,Starlight Media,Enterprise,Latin America,Enterprise Software,Analytics Cloud Pro,6,2800,16800,0.41,6888.0,9912.0,4157.6,5754.4,58.05
ORD-2023-1382,2023-01-18,Budget Office Outlet,Mid-Market,Europe,Hardware & Infrastructure,Industrial IoT Sensor Pack,2,1200,2400,0.417,1000.8,1399.2,1713.23,-314.03,-22.44
ORD-2023-1250,2023-01-18,Horizon Media Network,Enterprise,North America,Workplace & Office Solutions,Conference Audio Matrix,8,1100,8800,0.103,906.4,7893.6,7055.64,837.96,10.62
ORD-2023-1866,2023-01-18,Apex Horizon Distribution,Enterprise,Latin America,Enterprise Software,Analytics Cloud Pro,12,2800,33600,0.394,13238.4,20361.6,8157.83,12203.77,59.94
ORD-2023-1482,2023-01-19,Budget Office Outlet,Mid-Market,Europe,Enterprise Software,Analytics Cloud Pro,4,2800,11200,0.435,4872.0,6328.0,2888.11,3439.89,54.36
ORD-2023-2132,2023-01-19,Global Wholesale Direct,Enterprise,Asia-Pacific,Workplace & Office Solutions,Ergonomic Smart Desk Suite,9,1600,14400,0.43,6192.0,8208.0,12466.57,-4258.57,-51.88
ORD-2023-1201,2023-01-20,Summit Capital Advisors,Mid-Market,Latin America,Workplace & Office Solutions,Ergonomic Smart Desk Suite,1,1600,1600,0.01,16.0,1584.0,1429.04,154.96,9.78
ORD-2023-1416,2023-01-20,MegaRetail Logistics,Enterprise,North America,Hardware & Infrastructure,High-Density Rack Switch,14,3800,53200,0.478,25429.6,27770.4,45641.57,-17871.17,-64.35
ORD-2023-1464,2023-01-21,Apex Horizon Distribution,Enterprise,Latin America,Professional Services,Custom Integration Toolkit,12,2500,30000,0.397,11910.0,18090.0,18072.23,17.77,0.1
ORD-2023-2048,2023-01-21,Apex Global Tech,Enterprise,North America,Enterprise Software,CyberSecurity Platform,14,3200,44800,0.066,2956.8,41843.2,13811.68,28031.52,66.99
ORD-2023-1927,2023-01-22,Titan Energy Partners,Enterprise,Asia-Pacific,Workplace & Office Solutions,Conference Audio Matrix,7,1100,7700,0.059,454.3,7245.7,6352.69,893.01,12.32
ORD-2023-1148,2023-01-22,Global Wholesale Direct,Enterprise,Latin America,Enterprise Software,CyberSecurity Platform,14,3200,44800,0.329,14739.2,30060.8,13211.64,16849.16,56.05
ORD-2023-2133,2023-01-22,Quantum Dynamics,Enterprise,Europe,Hardware & Infrastructure,Edge AI Gateway Server,6,6500,39000,0.073,2847.0,36153.0,30717.54,5435.46,15.03
ORD-2023-2366,2023-01-22,Vanguard Financial Systems,Enterprise,North America,Professional Services,Custom Integration Toolkit,6,2500,15000,0.027,405.0,14595.0,8682.88,5912.12,40.51
ORD-2023-1634,2023-01-23,Apex Horizon Distribution,Mid-Market,Latin America,Enterprise Software,CyberSecurity Platform,4,3200,12800,0.282,3609.6,9190.4,3660.52,5529.88,60.17
ORD-2023-1411,2023-01-23,Titan Energy Partners,Mid-Market,Middle East & Africa,Enterprise Software,Analytics Cloud Pro,4,2800,11200,0.08,896.0,10304.0,2731.98,7572.02,73.49
ORD-2023-2101,2023-01-24,Apex Global Tech,Enterprise,North America,Professional Services,24/7 Managed SRE Support,12,4000,48000,0.054,2592.0,45408.0,27480.59,17927.41,39.48
ORD-2023-1854,2023-01-24,Helios Solar Tech,Mid-Market,Europe,Hardware & Infrastructure,NVMe SAN Storage Array,4,8200,32800,0.088,2886.4,29913.6,29267.83,645.77,2.16
ORD-2023-1284,2023-01-24,Quantum Dynamics,Mid-Market,Europe,Hardware & Infrastructure,High-Density Rack Switch,3,3800,11400,0.098,1117.2,10282.8,9394.77,888.03,8.64
ORD-2023-1440,2023-01-27,Quantum Dynamics,Mid-Market,Middle East & Africa,Workplace & Office Solutions,Executive Telepresence Unit,4,2900,11600,0.044,510.4,11089.6,10123.05,966.55,8.72
ORD-2023-1902,2023-01-28,Apex Global Tech,Enterprise,North America,Professional Services,24/7 Managed SRE Support,14,4000,56000,0.066,3696.0,52304.0,34650.67,17653.33,33.75
ORD-2023-1198,2023-01-28,Helios Solar Tech,Enterprise,Europe,Hardware & Infrastructure,Industrial IoT Sensor Pack,6,1200,7200,0.117,842.4,6357.6,5408.31,949.29,14.93
ORD-2023-2104,2023-01-28,Zenith Biopharma,Enterprise,Asia-Pacific,Hardware & Infrastructure,Edge AI Gateway Server,8,6500,52000,0.063,3276.0,48724.0,36826.9,11897.1,24.42
ORD-2023-1597,2023-01-29,Starlight Media,Enterprise,Latin America,Professional Services,Custom Integration Toolkit,8,2500,20000,0.446,8920.0,11080.0,11015.39,64.61,0.58
ORD-2023-1918,2023-01-29,Cascade Industrial Works,Mid-Market,Middle East & Africa,Enterprise Software,CyberSecurity Platform,4,3200,12800,0.115,1472.0,11328.0,4018.65,7309.35,64.52
ORD-2023-2468,2023-01-29,MegaRetail Logistics,Enterprise,Asia-Pacific,Professional Services,Architecture Review & Audit,16,3500,56000,0.361,20216.0,35784.0,30464.67,5319.33,14.87
ORD-2023-1233,2023-01-30,Apex Horizon Distribution,Enterprise,Latin America,Professional Services,Cloud Migration Sprint,17,5000,85000,0.264,22440.0,62560.0,51089.61,11470.39,18.34
ORD-2023-1502,2023-01-30,Apex Horizon Distribution,Enterprise,Latin America,Workplace & Office Solutions,Conference Audio Matrix,13,1100,14300,0.397,5677.1,8622.9,11761.55,-3138.65,-36.4
ORD-2023-1688,2023-01-31,Titan Energy Partners,Enterprise,Asia-Pacific,Enterprise Software,Analytics Cloud Pro,9,2800,25200,0.077,1940.4,23259.6,6762.33,16497.27,70.93
ORD-2023-1749,2023-01-31,Zenith Biopharma,Enterprise,Asia-Pacific,Professional Services,Custom Integration Toolkit,8,2500,20000,0.055,1100.0,18900.0,10804.36,8095.64,42.83
ORD-2023-2099,2023-01-31,Sterling & Cross Partners,Enterprise,Latin America,Hardware & Infrastructure,Industrial IoT Sensor Pack,8,1200,9600,0.084,806.4,8793.6,6960.13,1833.47,20.85
ORD-2023-1002,2023-01-31,Cascade Industrial Works,Mid-Market,Middle East & Africa,Enterprise Software,DevOps Automation Hub,1,1900,1900,0.099,188.1,1711.9,588.15,1123.75,65.64
ORD-2023-1413,2023-01-31,Cascade Industrial Works,Enterprise,Middle East & Africa,Workplace & Office Solutions,Modular Acoustic Pods,8,4200,33600,0.128,4300.8,29299.2,28957.43,341.77,1.17
ORD-2023-2434,2023-01-31,Starlight Media,Mid-Market,Latin America,Workplace & Office Solutions,Ergonomic Smart Desk Suite,1,1600,1600,0.52,832.0,768.0,1310.44,-542.44,-70.63
ORD-2023-1154,2023-02-01,Global Wholesale Direct,Enterprise,Asia-Pacific,Enterprise Software,Analytics Cloud Pro,11,2800,30800,0.331,10194.8,20605.2,7794.46,12810.74,62.17
ORD-2023-1760,2023-02-01,Sterling & Cross Partners,Mid-Market,North America,Professional Services,Cloud Migration Sprint,5,5000,25000,0.071,1775.0,23225.0,14578.04,8646.96,37.23
ORD-2023-1557,2023-02-01,Vanguard Financial Systems,Enterprise,North America,Enterprise Software,Cloud ERP Suite,11,4500,49500,0.059,2920.5,46579.5,13533.39,33046.11,70.95
ORD-2023-1545,2023-02-01,FinTech Innovations,Mid-Market,North America,Workplace & Office Solutions,Modular Acoustic Pods,4,4200,16800,0.034,571.2,16228.8,14678.65,1550.15,9.55
ORD-2023-1436,2023-02-01,Budget Office Outlet,Enterprise,Europe,Enterprise Software,Analytics Cloud Pro,8,2800,22400,0.386,8646.4,13753.6,5795.85,7957.75,57.86
ORD-2023-2399,2023-02-01,FinTech Innovations,Mid-Market,Europe,Hardware & Infrastructure,NVMe SAN Storage Array,4,8200,32800,0.022,721.6,32078.4,28878.75,3199.65,9.97
ORD-2023-2409,2023-02-02,Apex Horizon Distribution,Enterprise,Latin America,Enterprise Software,Analytics Cloud Pro,7,2800,19600,0.33,6468.0,13132.0,4880.9,8251.1,62.83
ORD-2023-1281,2023-02-02,Helios Solar Tech,Enterprise,Europe,Enterprise Software,Cloud ERP Suite,8,4500,36000,0.106,3816.0,32184.0,9344.62,22839.38,70.97
ORD-2023-1253,2023-02-02,Horizon Media Network,Mid-Market,North America,Workplace & Office Solutions,Executive Telepresence Unit,4,2900,11600,0.122,1415.2,10184.8,10202.46,-17.66,-0.17
ORD-2023-1459,2023-02-03,Apex Global Tech,Enterprise,North America,Hardware & Infrastructure,Edge AI Gateway Server,6,6500,39000,0.047,1833.0,37167.0,30797.11,6369.89,17.14
ORD-2023-1605,2023-02-03,Quantum Dynamics,Enterprise,Europe,Enterprise Software,DevOps Automation Hub,10,1900,19000,0.065,1235.0,17765.0,6007.1,11757.9,66.19
ORD-2023-1354,2023-02-03,Vanguard Financial Systems,Enterprise,North America,Enterprise Software,CyberSecurity Platform,7,3200,22400,0.026,582.4,21817.6,6782.26,15035.34,68.91
ORD-2023-1525,2023-02-03,Horizon Media Network,Mid-Market,North America,Enterprise Software,Analytics Cloud Pro,4,2800,11200,0.102,1142.4,10057.6,2824.74,7232.86,71.91
ORD-2023-1776,2023-02-03,Vanguard Financial Systems,Enterprise,North America,Workplace & Office Solutions,Executive Telepresence Unit,11,2900,31900,0.031,988.9,30911.1,25898.2,5012.9,16.22
ORD-2023-1219,2023-02-03,Summit Capital Advisors,Mid-Market,North America,Professional Services,24/7 Managed SRE Support,4,4000,16000,0.024,384.0,15616.0,9967.47,5648.53,36.17
ORD-2023-1428,2023-02-03,Helios Solar Tech,Enterprise,Europe,Hardware & Infrastructure,Edge AI Gateway Server,7,6500,45500,0.096,4368.0,41132.0,33309.97,7822.03,19.02
ORD-2023-2359,2023-02-04,Titan Energy Partners,Mid-Market,Middle East & Africa,Enterprise Software,DevOps Automation Hub,5,1900,9500,0.077,731.5,8768.5,2948.69,5819.81,66.37
ORD-2023-2494,2023-02-04,Quantum Dynamics,Mid-Market,Europe,Workplace & Office Solutions,Ergonomic Smart Desk Suite,5,1600,8000,0.088,704.0,7296.0,6433.5,862.5,11.82
ORD-2023-1287,2023-02-04,Global Wholesale Direct,Mid-Market,Europe,Hardware & Infrastructure,Edge AI Gateway Server,5,6500,32500,0.4,13000.0,19500.0,24896.71,-5396.71,-27.68
ORD-2023-1848,2023-02-05,Orion Consumer Goods,Mid-Market,Latin America,Professional Services,Architecture Review & Audit,4,3500,14000,0.187,2618.0,11382.0,7755.43,3626.57,31.86
ORD-2023-1471,2023-02-06,Apex Global Tech,Enterprise,Asia-Pacific,Workplace & Office Solutions,Modular Acoustic Pods,9,4200,37800,0.055,2079.0,35721.0,34969.9,751.1,2.1
ORD-2023-1393,2023-02-06,OmniCorp International,Enterprise,Europe,Hardware & Infrastructure,High-Density Rack Switch,18,3800,68400,0.374,25581.6,42818.4,59639.78,-16821.38,-39.29
ORD-2023-1898,2023-02-06,Helios Solar Tech,Enterprise,Europe,Workplace & Office Solutions,Modular Acoustic Pods,8,4200,33600,0.083,2788.8,30811.2,29444.16,1367.04,4.44
ORD-2023-1737,2023-02-07,OmniCorp International,Enterprise,Europe,Hardware & Infrastructure,High-Density Rack Switch,15,3800,57000,0.358,20406.0,36594.0,48489.18,-11895.18,-32.51
ORD-2023-1265,2023-02-08,Helios Solar Tech,Mid-Market,Europe,Enterprise Software,Cloud ERP Suite,4,4500,18000,0.162,2916.0,15084.0,4669.24,10414.76,69.05
ORD-2023-1665,2023-02-08,Quantum Dynamics,Mid-Market,North America,Professional Services,Architecture Review & Audit,4,3500,14000,0.062,868.0,13132.0,6986.12,6145.88,46.8
ORD-2023-1812,2023-02-08,Horizon Media Network,Mid-Market,North America,Workplace & Office Solutions,Executive Telepresence Unit,3,2900,8700,0.124,1078.8,7621.2,7667.78,-46.58,-0.61
ORD-2023-1767,2023-02-08,Pinnacle Manufacturing,Mid-Market,North America,Workplace & Office Solutions,Conference Audio Matrix,1,1100,1100,0.111,122.1,977.9,885.39,92.51,9.46
ORD-2023-1422,2023-02-08,Sterling & Cross Partners,Enterprise,Middle East & Africa,Professional Services,Architecture Review & Audit,8,3500,28000,0.058,1624.0,26376.0,14115.47,12260.53,46.48
ORD-2023-1487,2023-02-08,Apex Global Tech,Enterprise,North America,Enterprise Software,Analytics Cloud Pro,14,2800,39200,0.043,1685.6,37514.4,10125.77,27388.63,73.01
ORD-2023-2135,2023-02-08,Discount Express Corp,Mid-Market,Middle East & Africa,Hardware & Infrastructure,Industrial IoT Sensor Pack,4,1200,4800,0.432,2073.6,2726.4,3759.44,-1033.04,-37.89
ORD-2023-1050,2023-02-09,Vanguard Financial Systems,Enterprise,Asia-Pacific,Hardware & Infrastructure,Edge AI Gateway Server,9,6500,58500,0.062,3627.0,54873.0,42289.19,12583.81,22.93
ORD-2023-1493,2023-02-10,Titan Energy Partners,Mid-Market,Asia-Pacific,Workplace & Office Solutions,Conference Audio Matrix,5,1100,5500,0.053,291.5,5208.5,4540.47,668.03,12.83
ORD-2023-1136,2023-02-10,Titan Energy Partners,Enterprise,Middle East & Africa,Hardware & Infrastructure,Edge AI Gateway Server,13,6500,84500,0.039,3295.5,81204.5,62855.96,18348.54,22.6
ORD-2023-2199,2023-02-10,Pinnacle Manufacturing,Mid-Market,North America,Workplace & Office Solutions,Conference Audio Matrix,2,1100,2200,0.072,158.4,2041.6,1660.58,381.02,18.66
ORD-2023-1407,2023-02-11,OmniCorp International,Enterprise,North America,Hardware & Infrastructure,NVMe SAN Storage Array,17,8200,139400,0.317,44189.8,95210.2,124496.89,-29286.69,-30.76
ORD-2023-1107,2023-02-11,MegaRetail Logistics,Enterprise,North America,Enterprise Software,Analytics Cloud Pro,13,2800,36400,0.437,15906.8,20493.2,8852.25,11640.95,56.8
ORD-2023-1827,2023-02-11,OmniCorp International,Mid-Market,Europe,Enterprise Software,DevOps Automation Hub,4,1900,7600,0.449,3412.4,4187.6,2508.84,1678.76,40.09
ORD-2023-1657,2023-02-11,Titan Energy Partners,Enterprise,Asia-Pacific,Enterprise Software,Analytics Cloud Pro,11,2800,30800,0.064,1971.2,28828.8,8150.29,20678.51,71.73
ORD-2023-1562,2023-02-11,Beacon Healthcare,Enterprise,Asia-Pacific,Hardware & Infrastructure,Industrial IoT Sensor Pack,8,1200,9600,0.051,489.6,9110.4,7296.43,1813.97,19.91
ORD-2023-1046,2023-02-12,Starlight Media,Mid-Market,Latin America,Hardware & Infrastructure,Industrial IoT Sensor Pack,3,1200,3600,0.412,1483.2,2116.8,2844.44,-727.64,-34.37
ORD-2023-1847,2023-02-12,Quantum Dynamics,Mid-Market,Europe,Hardware & Infrastructure,High-Density Rack Switch,4,3800,15200,0.1,1520.0,13680.0,12706.13,973.87,7.12
ORD-2023-1547,2023-02-12,Quantum Dynamics,Mid-Market,Asia-Pacific,Enterprise Software,CyberSecurity Platform,4,3200,12800,0.03,384.0,12416.0,3904.75,8511.25,68.55
ORD-2023-2402,2023-02-12,Vanguard Financial Systems,Enterprise,North America,Professional Services,24/7 Managed SRE Support,6,4000,24000,0.045,1080.0,22920.0,14993.84,7926.16,34.58
ORD-2023-1948,2023-02-12,Helios Solar Tech,Mid-Market,Europe,Workplace & Office Solutions,Conference Audio Matrix,3,1100,3300,0.132,435.6,2864.4,2508.79,355.61,12.41
ORD-2023-2089,2023-02-12,Orion Consumer Goods,Mid-Market,Latin America,Workplace & Office Solutions,Conference Audio Matrix,4,1100,4400,0.167,734.8,3665.2,3504.54,160.66,4.38
ORD-2023-2451,2023-02-12,Global Wholesale Direct,Enterprise,Asia-Pacific,Workplace & Office Solutions,Executive Telepresence Unit,8,2900,23200,0.339,7864.8,15335.2,19885.33,-4550.13,-29.67
ORD-2023-1640,2023-02-13,OmniCorp International,Enterprise,Europe,Professional Services,24/7 Managed SRE Support,6,4000,24000,0.407,9768.0,14232.0,14708.81,-476.81,-3.35
ORD-2023-1702,2023-02-13,Apex Global Tech,Enterprise,North America,Enterprise Software,DevOps Automation Hub,10,1900,19000,0.073,1387.0,17613.0,5891.66,11721.34,66.55
ORD-2023-1920,2023-02-13,Vanguard Financial Systems,Enterprise,North America,Professional Services,Architecture Review & Audit,13,3500,45500,0.068,3094.0,42406.0,23707.93,18698.07,44.09
ORD-2023-1172,2023-02-13,Apex Global Tech,Enterprise,North America,Professional Services,Cloud Migration Sprint,9,5000,45000,0.046,2070.0,42930.0,25446.15,17483.85,40.73
ORD-2023-2428,2023-02-13,Cascade Industrial Works,Enterprise,Middle East & Africa,Professional Services,Cloud Migration Sprint,8,5000,40000,0.181,7240.0,32760.0,22312.96,10447.04,31.89
ORD-2023-2373,2023-02-14,Horizon Media Network,Mid-Market,North America,Enterprise Software,Cloud ERP Suite,5,4500,22500,0.08,1800.0,20700.0,6438.77,14261.23,68.89
ORD-2023-2113,2023-02-14,Beacon Healthcare,Enterprise,Asia-Pacific,Enterprise Software,DevOps Automation Hub,14,1900,26600,0.052,1383.2,25216.8,8930.63,16286.17,64.58
ORD-2023-1570,2023-02-14,OmniCorp International,Enterprise,Europe,Workplace & Office Solutions,Ergonomic Smart Desk Suite,7,1600,11200,0.302,3382.4,7817.6,9705.2,-1887.6,-24.15
ORD-2023-1578,2023-02-14,Zenith Biopharma,Enterprise,Asia-Pacific,Workplace & Office Solutions,Modular Acoustic Pods,6,4200,25200,0.099,2494.8,22705.2,21724.51,980.69,4.32
ORD-2023-1206,2023-02-14,Apex Global Tech,Enterprise,North America,Enterprise Software,DevOps Automation Hub,10,1900,19000,0.058,1102.0,17898.0,6465.21,11432.79,63.88
ORD-2023-2479,2023-02-15,Sterling & Cross Partners,Enterprise,Europe,Professional Services,Cloud Migration Sprint,6,5000,30000,0.104,3120.0,26880.0,16723.81,10156.19,37.78
ORD-2023-2203,2023-02-15,Apex Global Tech,Enterprise,Asia-Pacific,Hardware & Infrastructure,Edge AI Gateway Server,13,6500,84500,0.034,2873.0,81627.0,60805.65,20821.35,25.51
ORD-2023-2272,2023-02-15,Horizon Media Network,Mid-Market,North America,Professional Services,Cloud Migration Sprint,1,5000,5000,0.079,395.0,4605.0,2768.01,1836.99,39.89
ORD-2023-1724,2023-02-16,Pinnacle Manufacturing,Enterprise,North America,Hardware & Infrastructure,Industrial IoT Sensor Pack,7,1200,8400,0.09,756.0,7644.0,6443.98,1200.02,15.7
ORD-2023-1947,2023-02-16,Vanguard Financial Systems,Enterprise,North America,Hardware & Infrastructure,Industrial IoT Sensor Pack,8,1200,9600,0.01,96.0,9504.0,7312.25,2191.75,23.06
ORD-2023-2029,2023-02-16,Titan Energy Partners,Enterprise,Middle East & Africa,Enterprise Software,Analytics Cloud Pro,9,2800,25200,0.049,1234.8,23965.2,6749.82,17215.38,71.83
ORD-2023-1143,2023-02-16,Global Wholesale Direct,Enterprise,Asia-Pacific,Workplace & Office Solutions,Ergonomic Smart Desk Suite,6,1600,9600,0.49,4704.0,4896.0,8015.5,-3119.5,-63.72
ORD-2023-1993,2023-02-17,Titan Energy Partners,Enterprise,Middle East & Africa,Professional Services,24/7 Managed SRE Support,8,4000,32000,0.066,2112.0,29888.0,19630.33,10257.67,34.32
ORD-2023-1909,2023-02-18,Beacon Healthcare,Enterprise,North America,Hardware & Infrastructure,NVMe SAN Storage Array,7,8200,57400,0.055,3157.0,54243.0,49486.14,4756.86,8.77
ORD-2023-2371,2023-02-18,Orion Consumer Goods,Mid-Market,Asia-Pacific,Enterprise Software,Cloud ERP Suite,4,4500,18000,0.203,3654.0,14346.0,4646.57,9699.43,67.61
ORD-2023-2299,2023-02-19,Precision Robotics Ltd,Mid-Market,Asia-Pacific,Enterprise Software,DevOps Automation Hub,1,1900,1900,0.036,68.4,1831.6,643.59,1188.01,64.86
ORD-2023-1304,2023-02-19,Precision Robotics Ltd,Mid-Market,Asia-Pacific,Enterprise Software,Cloud ERP Suite,1,4500,4500,0.058,261.0,4239.0,1204.33,3034.67,71.59
ORD-2023-1134,2023-02-20,OmniCorp International,Mid-Market,Europe,Workplace & Office Solutions,Conference Audio Matrix,4,1100,4400,0.435,1914.0,2486.0,3559.37,-1073.37,-43.18
ORD-2023-1716,2023-02-20,Zenith Biopharma,Mid-Market,Asia-Pacific,Professional Services,24/7 Managed SRE Support,2,4000,8000,0.058,464.0,7536.0,5180.09,2355.91,31.26
ORD-2023-1703,2023-02-20,OmniCorp International,Enterprise,Europe,Enterprise Software,DevOps Automation Hub,12,1900,22800,0.312,7113.6,15686.4,7251.42,8434.98,53.77
ORD-2023-2477,2023-02-20,Acrobat Logistics Group,Mid-Market,Europe,Hardware & Infrastructure,High-Density Rack Switch,3,3800,11400,0.123,1402.2,9997.8,9626.41,371.39,3.71
ORD-2023-1034,2023-02-21,Cascade Industrial Works,Mid-Market,Middle East & Africa,Enterprise Software,Analytics Cloud Pro,1,2800,2800,0.148,414.4,2385.6,710.76,1674.84,70.21
ORD-2023-1671,2023-02-21,Vanguard Financial Systems,Mid-Market,North America,Professional Services,Architecture Review & Audit,5,3500,17500,0.05,875.0,16625.0,9716.92,6908.08,41.55
ORD-2023-2346,2023-02-22,MegaRetail Logistics,Enterprise,North America,Workplace & Office Solutions,Conference Audio Matrix,14,1100,15400,0.349,5374.6,10025.4,12751.41,-2726.01,-27.19
ORD-2023-1043,2023-02-22,Apex Global Tech,Enterprise,North America,Professional Services,Custom Integration Toolkit,7,2500,17500,0.026,455.0,17045.0,9849.64,7195.36,42.21
ORD-2023-1586,2023-02-23,Beacon Healthcare,Enterprise,Asia-Pacific,Hardware & Infrastructure,Industrial IoT Sensor Pack,8,1200,9600,0.048,460.8,9139.2,7742.84,1396.36,15.28
ORD-2023-1152,2023-02-23,Beacon Healthcare,Enterprise,Asia-Pacific,Enterprise Software,CyberSecurity Platform,7,3200,22400,0.046,1030.4,21369.6,6681.42,14688.18,68.73
ORD-2023-2184,2023-02-23,Zenith Biopharma,Mid-Market,Asia-Pacific,Hardware & Infrastructure,High-Density Rack Switch,4,3800,15200,0.115,1748.0,13452.0,13030.97,421.03,3.13
ORD-2023-2416,2023-02-24,Cascade Industrial Works,Mid-Market,Middle East & Africa,Professional Services,Architecture Review & Audit,5,3500,17500,0.166,2905.0,14595.0,9009.41,5585.59,38.27
ORD-2023-1744,2023-02-25,Global Wholesale Direct,Enterprise,Asia-Pacific,Enterprise Software,Cloud ERP Suite,10,4500,45000,0.336,15120.0,29880.0,12011.39,17868.61,59.8
ORD-2023-2187,2023-02-25,Discount Express Corp,Enterprise,Latin America,Enterprise Software,CyberSecurity Platform,6,3200,19200,0.567,10886.4,8313.6,5940.8,2372.8,28.54
ORD-2023-1112,2023-02-25,Vanguard Financial Systems,Enterprise,North America,Enterprise Software,DevOps Automation Hub,9,1900,17100,0.021,359.1,16740.9,5383.97,11356.93,67.84
ORD-2023-1094,2023-02-25,Apex Horizon Distribution,Mid-Market,Latin America,Hardware & Infrastructure,NVMe SAN Storage Array,4,8200,32800,0.344,11283.2,21516.8,26673.09,-5156.29,-23.96
ORD-2023-1027,2023-02-25,Beacon Healthcare,Enterprise,Asia-Pacific,Workplace & Office Solutions,Modular Acoustic Pods,10,4200,42000,0.074,3108.0,38892.0,38805.89,86.11,0.22
ORD-2023-1729,2023-02-27,Beacon Healthcare,Enterprise,Asia-Pacific,Workplace & Office Solutions,Modular Acoustic Pods,14,4200,58800,0.082,4821.6,53978.4,49841.3,4137.1,7.66
ORD-2023-1925,2023-02-27,MegaRetail Logistics,Enterprise,Latin America,Workplace & Office Solutions,Conference Audio Matrix,17,1100,18700,0.388,7255.6,11444.4,14431.38,-2986.98,-26.1
ORD-2023-1786,2023-02-28,Zenith Biopharma,Mid-Market,Asia-Pacific,Enterprise Software,Cloud ERP Suite,2,4500,9000,0.116,1044.0,7956.0,2484.86,5471.14,68.77
ORD-2023-2226,2023-02-28,Precision Robotics Ltd,Mid-Market,Asia-Pacific,Enterprise Software,DevOps Automation Hub,4,1900,7600,0.038,288.8,7311.2,2472.05,4839.15,66.19
ORD-2023-1217,2023-02-28,Titan Energy Partners,Enterprise,Asia-Pacific,Workplace & Office Solutions,Conference Audio Matrix,13,1100,14300,0.025,357.5,13942.5,11413.29,2529.21,18.14
ORD-2023-2003,2023-03-01,Helios Solar Tech,Mid-Market,Europe,Workplace & Office Solutions,Ergonomic Smart Desk Suite,3,1600,4800,0.168,806.4,3993.6,4363.49,-369.89,-9.26
ORD-2023-2456,2023-03-01,Zenith Biopharma,Enterprise,Asia-Pacific,Hardware & Infrastructure,NVMe SAN Storage Array,7,8200,57400,0.067,3845.8,53554.2,46462.61,7091.59,13.24
ORD-2023-1359,2023-03-02,Cascade Industrial Works,Mid-Market,Middle East & Africa,Hardware & Infrastructure,High-Density Rack Switch,4,3800,15200,0.147,2234.4,12965.6,12638.04,327.56,2.53
ORD-2023-1024,2023-03-02,OmniCorp International,Mid-Market,Europe,Hardware & Infrastructure,Edge AI Gateway Server,5,6500,32500,0.319,10367.5,22132.5,25624.91,-3492.41,-15.78
ORD-2023-1361,2023-03-02,OmniCorp International,Enterprise,North America,Hardware & Infrastructure,Industrial IoT Sensor Pack,18,1200,21600,0.449,9698.4,11901.6,17216.0,-5314.4,-44.65
ORD-2023-2285,2023-03-03,Titan Energy Partners,Mid-Market,Middle East & Africa,Workplace & Office Solutions,Executive Telepresence Unit,4,2900,11600,0.075,870.0,10730.0,9769.73,960.27,8.95
ORD-2023-1099,2023-03-03,Apex Global Tech,Enterprise,North America,Workplace & Office Solutions,Conference Audio Matrix,12,1100,13200,0.057,752.4,12447.6,10671.36,1776.24,14.27
ORD-2023-1401,2023-03-03,Quantum Dynamics,Enterprise,Europe,Hardware & Infrastructure,Industrial IoT Sensor Pack,10,1200,12000,0.098,1176.0,10824.0,8716.58,2107.42,19.47
ORD-2023-2253,2023-03-04,Quantum Dynamics,Mid-Market,Europe,Hardware & Infrastructure,NVMe SAN Storage Array,3,8200,24600,0.086,2115.6,22484.4,21532.02,952.38,4.24
ORD-2023-1772,2023-03-04,Horizon Media Network,Mid-Market,North America,Enterprise Software,Analytics Cloud Pro,5,2800,14000,0.127,1778.0,12222.0,3588.05,8633.95,70.64
ORD-2023-1984,2023-03-04,Quantum Dynamics,Enterprise,Europe,Workplace & Office Solutions,Executive Telepresence Unit,14,2900,40600,0.067,2720.2,37879.8,34466.72,3413.08,9.01
ORD-2023-1656,2023-03-04,Quantum Dynamics,Enterprise,Europe,Workplace & Office Solutions,Ergonomic Smart Desk Suite,10,1600,16000,0.055,880.0,15120.0,14129.8,990.2,6.55
ORD-2023-1403,2023-03-05,Global Wholesale Direct,Mid-Market,Asia-Pacific,Hardware & Infrastructure,Industrial IoT Sensor Pack,5,1200,6000,0.398,2388.0,3612.0,4839.07,-1227.07,-33.97
ORD-2023-1543,2023-03-06,Beacon Healthcare,Enterprise,Asia-Pacific,Enterprise Software,Cloud ERP Suite,13,4500,58500,0.078,4563.0,53937.0,16007.61,37929.39,70.32
ORD-2023-1842,2023-03-06,Starlight Media,Mid-Market,Latin America,Enterprise Software,Analytics Cloud Pro,4,2800,11200,0.354,3964.8,7235.2,2951.92,4283.28,59.2
ORD-2023-1800,2023-03-06,Zenith Biopharma,Enterprise,Asia-Pacific,Hardware & Infrastructure,Industrial IoT Sensor Pack,7,1200,8400,0.105,882.0,7518.0,6511.95,1006.05,13.38
ORD-2023-1651,2023-03-06,Quantum Dynamics,Enterprise,Europe,Hardware & Infrastructure,NVMe SAN Storage Array,14,8200,114800,0.076,8724.8,106075.2,98538.22,7536.98,7.11
ORD-2023-1142,2023-03-06,Beacon Healthcare,Enterprise,Asia-Pacific,Professional Services,Architecture Review & Audit,13,3500,45500,0.072,3276.0,42224.0,23642.3,18581.7,44.01
ORD-2023-1921,2023-03-07,Horizon Media Network,Mid-Market,North America,Enterprise Software,Analytics Cloud Pro,5,2800,14000,0.151,2114.0,11886.0,3510.19,8375.81,70.47
ORD-2023-2109,2023-03-07,Budget Office Outlet,Enterprise,Europe,Enterprise Software,CyberSecurity Platform,8,3200,25600,0.465,11904.0,13696.0,7817.59,5878.41,42.92
ORD-2023-1224,2023-03-08,OmniCorp International,Enterprise,Europe,Professional Services,24/7 Managed SRE Support,15,4000,60000,0.373,22380.0,37620.0,35558.9,2061.1,5.48
ORD-2023-2405,2023-03-08,Starlight Media,Mid-Market,Latin America,Professional Services,Custom Integration Toolkit,5,2500,12500,0.51,6375.0,6125.0,6664.19,-539.19,-8.8
ORD-2023-2316,2023-03-08,Summit Capital Advisors,Mid-Market,North America,Hardware & Infrastructure,Industrial IoT Sensor Pack,3,1200,3600,0.013,46.8,3553.2,2914.75,638.45,17.97
ORD-2023-2084,2023-03-08,Helios Solar Tech,Enterprise,Latin America,Hardware & Infrastructure,Edge AI Gateway Server,8,6500,52000,0.095,4940.0,47060.0,40885.05,6174.95,13.12
ORD-2023-1096,2023-03-08,Global Wholesale Direct,Enterprise,Asia-Pacific,Workplace & Office Solutions,Ergonomic Smart Desk Suite,17,1600,27200,0.392,10662.4,16537.6,22023.52,-5485.92,-33.17
ORD-2023-1904,2023-03-09,Apex Horizon Distribution,Enterprise,Latin America,Professional Services,Cloud Migration Sprint,18,5000,90000,0.398,35820.0,54180.0,48630.02,5549.98,10.24
ORD-2023-1449,2023-03-10,OmniCorp International,Enterprise,Europe,Professional Services,24/7 Managed SRE Support,18,4000,72000,0.295,21240.0,50760.0,44164.54,6595.46,12.99
ORD-2023-2129,2023-03-10,OmniCorp International,Mid-Market,Europe,Professional Services,24/7 Managed SRE Support,4,4000,16000,0.431,6896.0,9104.0,9633.05,-529.05,-5.81
ORD-2023-1205,2023-03-11,Synergy BioLabs,Mid-Market,Europe,Hardware & Infrastructure,Edge AI Gateway Server,3,6500,19500,0.048,936.0,18564.0,14698.52,3865.48,20.82
ORD-2023-1894,2023-03-11,MegaRetail Logistics,Enterprise,North America,Enterprise Software,Cloud ERP Suite,17,4500,76500,0.39,29835.0,46665.0,19450.94,27214.06,58.32
ORD-2023-2021,2023-03-11,Budget Office Outlet,Enterprise,Latin America,Enterprise Software,Cloud ERP Suite,6,4500,27000,0.474,12798.0,14202.0,7230.85,6971.15,49.09
ORD-2023-1035,2023-03-12,Cascade Industrial Works,Mid-Market,Europe,Enterprise Software,Cloud ERP Suite,3,4500,13500,0.15,2025.0,11475.0,3736.0,7739.0,67.44
ORD-2023-1077,2023-03-12,Sterling & Cross Partners,Mid-Market,Europe,Enterprise Software,Analytics Cloud Pro,4,2800,11200,0.12,1344.0,9856.0,2897.24,6958.76,70.6
ORD-2023-2156,2023-03-13,Pinnacle Manufacturing,Mid-Market,North America,Workplace & Office Solutions,Ergonomic Smart Desk Suite,2,1600,3200,0.13,416.0,2784.0,2711.66,72.34,2.6
ORD-2023-1795,2023-03-13,Apex Global Tech,Enterprise,Latin America,Workplace & Office Solutions,Modular Acoustic Pods,9,4200,37800,0.052,1965.6,35834.4,30793.93,5040.47,14.07
ORD-2023-1056,2023-03-13,Zenith Biopharma,Enterprise,Asia-Pacific,Hardware & Infrastructure,NVMe SAN Storage Array,7,8200,57400,0.116,6658.4,50741.6,51666.52,-924.92,-1.82
ORD-2023-1117,2023-03-13,Acrobat Logistics Group,Mid-Market,Latin America,Workplace & Office Solutions,Executive Telepresence Unit,3,2900,8700,0.128,1113.6,7586.4,7737.35,-150.95,-1.99
ORD-2023-2392,2023-03-13,Quantum Dynamics,Enterprise,Europe,Hardware & Infrastructure,High-Density Rack Switch,8,3800,30400,0.042,1276.8,29123.2,24630.87,4492.33,15.43
ORD-2023-1751,2023-03-14,Quantum Dynamics,Enterprise,Europe,Enterprise Software,Analytics Cloud Pro,11,2800,30800,0.085,2618.0,28182.0,7848.28,20333.72,72.15
ORD-2023-2148,2023-03-14,Starlight Media,Mid-Market,Asia-Pacific,Workplace & Office Solutions,Modular Acoustic Pods,5,4200,21000,0.432,9072.0,11928.0,17190.85,-5262.85,-44.12
ORD-2023-1280,2023-03-16,Sterling & Cross Partners,Mid-Market,Europe,Professional Services,Cloud Migration Sprint,4,5000,20000,0.054,1080.0,18920.0,11141.63,7778.37,41.11
ORD-2023-1595,2023-03-16,Helios Solar Tech,Mid-Market,Europe,Hardware & Infrastructure,Industrial IoT Sensor Pack,2,1200,2400,0.125,300.0,2100.0,1789.55,310.45,14.78
ORD-2023-2437,2023-03-16,Titan Energy Partners,Mid-Market,Middle East & Africa,Professional Services,Cloud Migration Sprint,3,5000,15000,0.046,690.0,14310.0,8388.76,5921.24,41.38
ORD-2023-1038,2023-03-16,Quantum Dynamics,Enterprise,Europe,Professional Services,Custom Integration Toolkit,8,2500,20000,0.031,620.0,19380.0,11544.41,7835.59,40.43
ORD-2023-2075,2023-03-17,Orion Consumer Goods,Mid-Market,Latin America,Enterprise Software,Analytics Cloud Pro,1,2800,2800,0.156,436.8,2363.2,715.48,1647.72,69.72
ORD-2023-1434,2023-03-17,Quantum Dynamics,Enterprise,Europe,Hardware & Infrastructure,High-Density Rack Switch,10,3800,38000,0.086,3268.0,34732.0,29584.65,5147.35,14.82
ORD-2023-2288,2023-03-17,OmniCorp International,Enterprise,Asia-Pacific,Enterprise Software,Cloud ERP Suite,14,4500,63000,0.361,22743.0,40257.0,17257.13,22999.87,57.13
ORD-2023-1155,2023-03-17,Orion Consumer Goods,Enterprise,Latin America,Enterprise Software,DevOps Automation Hub,8,1900,15200,0.21,3192.0,12008.0,4761.0,7247.0,60.35
ORD-2023-1334,2023-03-17,Quantum Dynamics,Enterprise,Europe,Hardware & Infrastructure,Industrial IoT Sensor Pack,9,1200,10800,0.061,658.8,10141.2,8324.62,1816.58,17.91
ORD-2023-1228,2023-03-17,OmniCorp International,Enterprise,Europe,Workplace & Office Solutions,Modular Acoustic Pods,17,4200,71400,0.301,21491.4,49908.6,60662.27,-10753.67,-21.55
ORD-2023-2306,2023-03-18,Helios Solar Tech,Mid-Market,Europe,Workplace & Office Solutions,Executive Telepresence Unit,4,2900,11600,0.166,1925.6,9674.4,10032.23,-357.83,-3.7
ORD-2023-2222,2023-03-18,Vanguard Financial Systems,Mid-Market,North America,Hardware & Infrastructure,High-Density Rack Switch,5,3800,19000,0.032,608.0,18392.0,14993.64,3398.36,18.48
ORD-2023-2057,2023-03-18,Pinnacle Manufacturing,Enterprise,North America,Enterprise Software,CyberSecurity Platform,7,3200,22400,0.143,3203.2,19196.8,6487.7,12709.1,66.2
ORD-2023-1139,2023-03-19,OmniCorp International,Enterprise,Asia-Pacific,Professional Services,Cloud Migration Sprint,11,5000,55000,0.304,16720.0,38280.0,33129.87,5150.13,13.45
ORD-2023-1317,2023-03-19,MegaRetail Logistics,Enterprise,North America,Workplace & Office Solutions,Executive Telepresence Unit,17,2900,49300,0.361,17797.3,31502.7,43731.28,-12228.58,-38.82
ORD-2023-1081,2023-03-19,Horizon Media Network,Mid-Market,North America,Workplace & Office Solutions,Modular Acoustic Pods,4,4200,16800,0.123,2066.4,14733.6,15234.83,-501.23,-3.4
ORD-2023-1911,2023-03-20,Synergy BioLabs,Mid-Market,Europe,Workplace & Office Solutions,Executive Telepresence Unit,3,2900,8700,0.033,287.1,8412.9,7270.91,1141.99,13.57
ORD-2023-1873,2023-03-20,Summit Capital Advisors,Mid-Market,North America,Enterprise Software,DevOps Automation Hub,4,1900,7600,0.005,38.0,7562.0,2320.94,5241.06,69.31
ORD-2023-2278,2023-03-20,Orion Consumer Goods,Mid-Market,Asia-Pacific,Workplace & Office Solutions,Conference Audio Matrix,5,1100,5500,0.199,1094.5,4405.5,4513.6,-108.1,-2.45
ORD-2023-2480,2023-03-21,MegaRetail Logistics,Enterprise,North America,Workplace & Office Solutions,Ergonomic Smart Desk Suite,12,1600,19200,0.343,6585.6,12614.4,16076.11,-3461.71,-27.44
ORD-2023-1446,2023-03-22,Cascade Industrial Works,Mid-Market,Middle East & Africa,Hardware & Infrastructure,Industrial IoT Sensor Pack,5,1200,6000,0.129,774.0,5226.0,4774.55,451.45,8.64
ORD-2023-1129,2023-03-22,Apex Global Tech,Mid-Market,North America,Hardware & Infrastructure,High-Density Rack Switch,5,3800,19000,0.057,1083.0,17917.0,15495.83,2421.17,13.51
ORD-2023-1020,2023-03-22,Titan Energy Partners,Enterprise,Asia-Pacific,Hardware & Infrastructure,Edge AI Gateway Server,6,6500,39000,0.025,975.0,38025.0,29179.55,8845.45,23.26
ORD-2023-2289,2023-03-22,Apex Global Tech,Mid-Market,North America,Hardware & Infrastructure,NVMe SAN Storage Array,5,8200,41000,0.035,1435.0,39565.0,32830.96,6734.04,17.02
ORD-2023-1309,2023-03-22,Sterling & Cross Partners,Enterprise,Europe,Professional Services,24/7 Managed SRE Support,7,4000,28000,0.084,2352.0,25648.0,16846.76,8801.24,34.32
ORD-2023-1316,2023-03-22,Budget Office Outlet,Mid-Market,Middle East & Africa,Professional Services,Custom Integration Toolkit,3,2500,7500,0.4,3000.0,4500.0,4521.98,-21.98,-0.49
ORD-2023-2489,2023-03-23,OmniCorp International,Enterprise,Europe,Workplace & Office Solutions,Modular Acoustic Pods,9,4200,37800,0.34,12852.0,24948.0,32909.77,-7961.77,-31.91
ORD-2023-1618,2023-03-23,Titan Energy Partners,Mid-Market,Asia-Pacific,Workplace & Office Solutions,Modular Acoustic Pods,4,4200,16800,0.03,504.0,16296.0,14107.22,2188.78,13.43
ORD-2023-1215,2023-03-23,Nexus Telecom,Mid-Market,Middle East & Africa,Professional Services,24/7 Managed SRE Support,2,4000,8000,0.113,904.0,7096.0,4744.48,2351.52,33.14
ORD-2023-2134,2023-03-23,Beacon Healthcare,Enterprise,Asia-Pacific,Workplace & Office Solutions,Executive Telepresence Unit,12,2900,34800,0.043,1496.4,33303.6,29361.43,3942.17,11.84
ORD-2023-2475,2023-03-23,Titan Energy Partners,Mid-Market,Middle East & Africa,Hardware & Infrastructure,Industrial IoT Sensor Pack,3,1200,3600,0.037,133.2,3466.8,2779.23,687.57,19.83
ORD-2023-1839,2023-03-24,Apex Horizon Distribution,Mid-Market,North America,Hardware & Infrastructure,Industrial IoT Sensor Pack,5,1200,6000,0.316,1896.0,4104.0,4379.6,-275.6,-6.72
ORD-2023-1931,2023-03-24,Vanguard Financial Systems,Enterprise,Asia-Pacific,Workplace & Office Solutions,Ergonomic Smart Desk Suite,7,1600,11200,0.059,660.8,10539.2,10132.9,406.3,3.86
ORD-2023-1310,2023-03-24,Titan Energy Partners,Enterprise,Middle East & Africa,Hardware & Infrastructure,NVMe SAN Storage Array,13,8200,106600,0.059,6289.4,100310.6,95222.69,5087.91,5.07
ORD-2023-1100,2023-03-25,Quantum Dynamics,Enterprise,Europe,Hardware & Infrastructure,NVMe SAN Storage Array,13,8200,106600,0.041,4370.6,102229.4,87241.84,14987.56,14.66
ORD-2023-1972,2023-03-25,Cascade Industrial Works,Mid-Market,Middle East & Africa,Professional Services,24/7 Managed SRE Support,5,4000,20000,0.167,3340.0,16660.0,11425.38,5234.62,31.42
ORD-2023-1276,2023-03-25,Global Wholesale Direct,Enterprise,Asia-Pacific,Hardware & Infrastructure,High-Density Rack Switch,14,3800,53200,0.415,22078.0,31122.0,44209.95,-13087.95,-42.05
ORD-2023-1036,2023-03-25,Acrobat Logistics Group,Mid-Market,Latin America,Enterprise Software,CyberSecurity Platform,1,3200,3200,0.142,454.4,2745.6,974.58,1771.02,64.5
ORD-2023-1538,2023-03-26,Beacon Healthcare,Enterprise,Asia-Pacific,Hardware & Infrastructure,NVMe SAN Storage Array,11,8200,90200,0.087,7847.4,82352.6,73756.68,8595.92,10.44
ORD-2023-2377,2023-03-26,MegaRetail Logistics,Enterprise,North America,Professional Services,24/7 Managed SRE Support,15,4000,60000,0.364,21840.0,38160.0,38110.34,49.66,0.13
ORD-2023-1074,2023-03-27,Acrobat Logistics Group,Mid-Market,Middle East & Africa,Enterprise Software,DevOps Automation Hub,1,1900,1900,0.164,311.6,1588.4,580.58,1007.82,63.45
ORD-2023-2269,2023-03-27,Synergy BioLabs,Mid-Market,Europe,Enterprise Software,CyberSecurity Platform,2,3200,6400,0.013,83.2,6316.8,2036.83,4279.97,67.76
ORD-2023-2283,2023-03-27,Apex Horizon Distribution,Enterprise,Latin America,Workplace & Office Solutions,Executive Telepresence Unit,10,2900,29000,0.349,10121.0,18879.0,24618.56,-5739.56,-30.4
ORD-2023-1166,2023-03-28,Acrobat Logistics Group,Enterprise,Latin America,Professional Services,24/7 Managed SRE Support,6,4000,24000,0.188,4512.0,19488.0,13971.25,5516.75,28.31
ORD-2023-1348,2023-03-28,Apex Global Tech,Enterprise,Middle East & Africa,Hardware & Infrastructure,NVMe SAN Storage Array,12,8200,98400,0.06,5904.0,92496.0,82031.13,10464.87,11.31
ORD-2023-1937,2023-03-28,Apex Global Tech,Enterprise,North America,Professional Services,24/7 Managed SRE Support,6,4000,24000,0.045,1080.0,22920.0,14020.5,8899.5,38.83
ORD-2023-1764,2023-03-28,Pinnacle Manufacturing,Mid-Market,North America,Workplace & Office Solutions,Modular Acoustic Pods,3,4200,12600,0.072,907.2,11692.8,11391.54,301.26,2.58
ORD-2023-2026,2023-03-29,Global Wholesale Direct,Enterprise,Asia-Pacific,Professional Services,Cloud Migration Sprint,14,5000,70000,0.355,24850.0,45150.0,40392.92,4757.08,10.54
ORD-2023-2412,2023-03-29,Quantum Dynamics,Enterprise,Europe,Hardware & Infrastructure,NVMe SAN Storage Array,7,8200,57400,0.051,2927.4,54472.6,51706.38,2766.22,5.08
ORD-2023-1088,2023-03-29,Precision Robotics Ltd,Mid-Market,Asia-Pacific,Professional Services,Cloud Migration Sprint,2,5000,10000,0.032,320.0,9680.0,5615.88,4064.12,41.98
ORD-2023-1335,2023-03-29,Apex Global Tech,Enterprise,North America,Workplace & Office Solutions,Ergonomic Smart Desk Suite,8,1600,12800,0.027,345.6,12454.4,10608.52,1845.88,14.82
ORD-2023-2440,2023-03-30,Discount Express Corp,Mid-Market,Middle East & Africa,Hardware & Infrastructure,Industrial IoT Sensor Pack,4,1200,4800,0.508,2438.4,2361.6,3714.43,-1352.83,-57.28
ORD-2023-1859,2023-03-30,Apex Horizon Distribution,Enterprise,Latin America,Workplace & Office Solutions,Executive Telepresence Unit,17,2900,49300,0.274,13508.2,35791.8,41209.34,-5417.54,-15.14
ORD-2023-1738,2023-03-31,Acrobat Logistics Group,Mid-Market,Latin America,Enterprise Software,Analytics Cloud Pro,1,2800,2800,0.133,372.4,2427.6,745.92,1681.68,69.27
ORD-2023-2217,2023-03-31,Quantum Dynamics,Enterprise,Europe,Hardware & Infrastructure,NVMe SAN Storage Array,13,8200,106600,0.096,10233.6,96366.4,89955.37,6411.03,6.65
ORD-2023-1689,2023-03-31,Pinnacle Manufacturing,Mid-Market,North America,Professional Services,Custom Integration Toolkit,3,2500,7500,0.126,945.0,6555.0,4274.31,2280.69,34.79
ORD-2023-1857,2023-03-31,Apex Global Tech,Enterprise,North America,Professional Services,24/7 Managed SRE Support,10,4000,40000,0.033,1320.0,38680.0,25569.95,13110.05,33.89
ORD-2023-2171,2023-03-31,FinTech Innovations,Mid-Market,North America,Enterprise Software,CyberSecurity Platform,4,3200,12800,0.025,320.0,12480.0,3942.49,8537.51,68.41
ORD-2023-2307,2023-03-31,Nexus Telecom,Mid-Market,North America,Enterprise Software,CyberSecurity Platform,5,3200,16000,0.13,2080.0,13920.0,4793.34,9126.66,65.57
ORD-2023-1322,2023-03-31,Nexus Telecom,Mid-Market,Asia-Pacific,Professional Services,Cloud Migration Sprint,3,5000,15000,0.099,1485.0,13515.0,8470.14,5044.86,37.33
ORD-2023-1430,2023-04-01,Quantum Dynamics,Enterprise,Europe,Professional Services,Architecture Review & Audit,13,3500,45500,0.088,4004.0,41496.0,24268.21,17227.79,41.52
ORD-2023-1480,2023-04-01,Global Wholesale Direct,Enterprise,Asia-Pacific,Hardware & Infrastructure,Industrial IoT Sensor Pack,16,1200,19200,0.343,6585.6,12614.4,14491.91,-1877.51,-14.88
ORD-2023-1769,2023-04-01,OmniCorp International,Enterprise,Europe,Workplace & Office Solutions,Ergonomic Smart Desk Suite,12,1600,19200,0.322,6182.4,13017.6,16718.18,-3700.58,-28.43
ORD-2023-2154,2023-04-02,Discount Express Corp,Enterprise,Middle East & Africa,Workplace & Office Solutions,Conference Audio Matrix,7,1100,7700,0.404,3110.8,4589.2,6095.42,-1506.22,-32.82
ORD-2023-1949,2023-04-02,Helios Solar Tech,Mid-Market,Europe,Professional Services,Custom Integration Toolkit,3,2500,7500,0.109,817.5,6682.5,4279.61,2402.89,35.96
ORD-2023-2209,2023-04-02,Titan Energy Partners,Enterprise,Middle East & Africa,Workplace & Office Solutions,Ergonomic Smart Desk Suite,8,1600,12800,0.042,537.6,12262.4,10728.26,1534.14,12.51
ORD-2023-1323,2023-04-02,Starlight Media,Mid-Market,Latin America,Workplace & Office Solutions,Ergonomic Smart Desk Suite,1,1600,1600,0.421,673.6,926.4,1298.83,-372.43,-40.2
ORD-2023-1241,2023-04-03,Cascade Industrial Works,Mid-Market,Middle East & Africa,Professional Services,Custom Integration Toolkit,1,2500,2500,0.185,462.5,2037.5,1421.99,615.51,30.21
ORD-2023-1181,2023-04-03,OmniCorp International,Mid-Market,Europe,Professional Services,24/7 Managed SRE Support,5,4000,20000,0.385,7700.0,12300.0,12191.03,108.97,0.89
ORD-2023-1126,2023-04-03,MegaRetail Logistics,Enterprise,North America,Professional Services,Architecture Review & Audit,15,3500,52500,0.378,19845.0,32655.0,25995.54,6659.46,20.39
ORD-2023-1635,2023-04-03,Quantum Dynamics,Enterprise,Europe,Workplace & Office Solutions,Ergonomic Smart Desk Suite,6,1600,9600,0.041,393.6,9206.4,8214.74,991.66,10.77
ORD-2023-1923,2023-04-03,Helios Solar Tech,Enterprise,Europe,Enterprise Software,Analytics Cloud Pro,8,2800,22400,0.101,2262.4,20137.6,5409.02,14728.58,73.14
ORD-2023-1159,2023-04-04,Beacon Healthcare,Mid-Market,Asia-Pacific,Hardware & Infrastructure,Industrial IoT Sensor Pack,4,1200,4800,0.082,393.6,4406.4,3463.63,942.77,21.4
ORD-2023-2140,2023-04-04,Synergy BioLabs,Mid-Market,Europe,Hardware & Infrastructure,High-Density Rack Switch,2,3800,7600,0.009,68.4,7531.6,6332.37,1199.23,15.92
ORD-2023-1853,2023-04-05,Beacon Healthcare,Enterprise,Asia-Pacific,Hardware & Infrastructure,Industrial IoT Sensor Pack,8,1200,9600,0.056,537.6,9062.4,7409.23,1653.17,18.24
ORD-2023-2303,2023-04-06,Apex Global Tech,Mid-Market,North America,Hardware & Infrastructure,Industrial IoT Sensor Pack,4,1200,4800,0.077,369.6,4430.4,3528.37,902.03,20.36
ORD-2023-1746,2023-04-06,Helios Solar Tech,Mid-Market,Europe,Enterprise Software,DevOps Automation Hub,3,1900,5700,0.153,872.1,4827.9,1925.21,2902.69,60.12
ORD-2023-1967,2023-04-06,Nexus Telecom,Enterprise,Asia-Pacific,Hardware & Infrastructure,Industrial IoT Sensor Pack,7,1200,8400,0.084,705.6,7694.4,6264.89,1429.51,18.58
ORD-2023-1365,2023-04-06,Cascade Industrial Works,Mid-Market,Middle East & Africa,Workplace & Office Solutions,Conference Audio Matrix,1,1100,1100,0.163,179.3,920.7,858.16,62.54,6.79
ORD-2023-1599,2023-04-06,Vanguard Financial Systems,Enterprise,North America,Professional Services,Architecture Review & Audit,7,3500,24500,0.034,833.0,23667.0,13196.51,10470.49,44.24
ORD-2023-1958,2023-04-07,Apex Global Tech,Enterprise,North America,Enterprise Software,CyberSecurity Platform,10,3200,32000,0.073,2336.0,29664.0,9057.06,20606.94,69.47
ORD-2023-2195,2023-04-07,Apex Global Tech,Enterprise,North America,Enterprise Software,DevOps Automation Hub,7,1900,13300,0.068,904.4,12395.6,4088.88,8306.72,67.01
ORD-2023-1639,2023-04-07,Titan Energy Partners,Enterprise,Middle East & Africa,Enterprise Software,CyberSecurity Platform,10,3200,32000,0.051,1632.0,30368.0,10237.91,20130.09,66.29
ORD-2023-1186,2023-04-07,Starlight Media,Enterprise,Latin America,Professional Services,Cloud Migration Sprint,6,5000,30000,0.462,13860.0,16140.0,16804.26,-664.26,-4.12
ORD-2023-1158,2023-04-08,Pinnacle Manufacturing,Enterprise,North America,Workplace & Office Solutions,Modular Acoustic Pods,7,4200,29400,0.088,2587.2,26812.8,24963.83,1848.97,6.9
ORD-2023-2060,2023-04-08,Precision Robotics Ltd,Mid-Market,Asia-Pacific,Hardware & Infrastructure,Edge AI Gateway Server,4,6500,26000,0.051,1326.0,24674.0,19685.02,4988.98,20.22
ORD-2023-2190,2023-04-09,Nexus Telecom,Mid-Market,Asia-Pacific,Workplace & Office Solutions,Executive Telepresence Unit,1,2900,2900,0.116,336.4,2563.6,2478.43,85.17,3.32
ORD-2023-2125,2023-04-09,Summit Capital Advisors,Mid-Market,North America,Hardware & Infrastructure,Edge AI Gateway Server,2,6500,13000,0.032,416.0,12584.0,10156.4,2427.6,19.29
ORD-2023-1895,2023-04-09,Starlight Media,Mid-Market,Latin America,Professional Services,Architecture Review & Audit,5,3500,17500,0.502,8785.0,8715.0,9323.46,-608.46,-6.98
ORD-2023-1965,2023-04-09,Titan Energy Partners,Enterprise,Middle East & Africa,Hardware & Infrastructure,NVMe SAN Storage Array,13,8200,106600,0.07,7462.0,99138.0,91193.05,7944.95,8.01
ORD-2023-1870,2023-04-09,Cascade Industrial Works,Enterprise,Middle East & Africa,Professional Services,24/7 Managed SRE Support,6,4000,24000,0.143,3432.0,20568.0,14338.25,6229.75,30.29
ORD-2023-2413,2023-04-09,Titan Energy Partners,Enterprise,Middle East & Africa,Hardware & Infrastructure,Industrial IoT Sensor Pack,9,1200,10800,0.028,302.4,10497.6,8160.32,2337.28,22.26
ORD-2023-2418,2023-04-10,Quantum Dynamics,Enterprise,Europe,Enterprise Software,Analytics Cloud Pro,12,2800,33600,0.088,2956.8,30643.2,8597.46,22045.74,71.94
ORD-2023-2092,2023-04-11,Summit Capital Advisors,Mid-Market,North America,Enterprise Software,Analytics Cloud Pro,2,2800,5600,0.005,28.0,5572.0,1395.56,4176.44,74.95
ORD-2023-2210,2023-04-11,Orion Consumer Goods,Mid-Market,Latin America,Hardware & Infrastructure,NVMe SAN Storage Array,1,8200,8200,0.158,1295.6,6904.4,6894.63,9.77,0.14
ORD-2023-1579,2023-04-11,Global Wholesale Direct,Enterprise,Latin America,Workplace & Office Solutions,Conference Audio Matrix,13,1100,14300,0.397,5677.1,8622.9,10863.12,-2240.22,-25.98
ORD-2023-1736,2023-04-11,Helios Solar Tech,Mid-Market,Europe,Professional Services,24/7 Managed SRE Support,3,4000,12000,0.154,1848.0,10152.0,7717.99,2434.01,23.98
ORD-2023-1828,2023-04-11,OmniCorp International,Enterprise,Europe,Workplace & Office Solutions,Modular Acoustic Pods,11,4200,46200,0.357,16493.4,29706.6,38858.15,-9151.55,-30.81
ORD-2023-1145,2023-04-12,Titan Energy Partners,Enterprise,Middle East & Africa,Workplace & Office Solutions,Executive Telepresence Unit,9,2900,26100,0.07,1827.0,24273.0,22712.27,1560.73,6.43
ORD-2023-2196,2023-04-12,Helios Solar Tech,Mid-Market,Europe,Workplace & Office Solutions,Conference Audio Matrix,3,1100,3300,0.109,359.7,2940.3,2659.11,281.19,9.56
ORD-2023-1932,2023-04-13,Acrobat Logistics Group,Enterprise,Latin America,Workplace & Office Solutions,Conference Audio Matrix,7,1100,7700,0.182,1401.4,6298.6,6192.78,105.82,1.68
ORD-2023-2161,2023-04-14,Acrobat Logistics Group,Enterprise,Latin America,Hardware & Infrastructure,Industrial IoT Sensor Pack,8,1200,9600,0.101,969.6,8630.4,7734.08,896.32,10.39
ORD-2023-1607,2023-04-14,Beacon Healthcare,Enterprise,Asia-Pacific,Hardware & Infrastructure,Industrial IoT Sensor Pack,12,1200,14400,0.056,806.4,13593.6,11120.34,2473.26,18.19
ORD-2023-1490,2023-04-14,Helios Solar Tech,Enterprise,Europe,Enterprise Software,Analytics Cloud Pro,7,2800,19600,0.14,2744.0,16856.0,4826.98,12029.02,71.36
ORD-2023-1437,2023-04-14,Quantum Dynamics,Mid-Market,Europe,Workplace & Office Solutions,Executive Telepresence Unit,3,2900,8700,0.053,461.1,8238.9,7913.54,325.36,3.95
ORD-2023-2389,2023-04-14,Orion Consumer Goods,Enterprise,Latin America,Workplace & Office Solutions,Modular Acoustic Pods,7,4200,29400,0.142,4174.8,25225.2,26639.65,-1414.45,-5.61
ORD-2023-2189,2023-04-15,Titan Energy Partners,Enterprise,Middle East & Africa,Hardware & Infrastructure,Edge AI Gateway Server,8,6500,52000,0.061,3172.0,48828.0,41414.51,7413.49,15.18
ORD-2023-2275,2023-04-15,Global Wholesale Direct,Enterprise,Latin America,Hardware & Infrastructure,Edge AI Gateway Server,7,6500,45500,0.492,22386.0,23114.0,32253.23,-9139.23,-39.54
ORD-2023-1196,2023-04-16,OmniCorp International,Enterprise,Europe,Workplace & Office Solutions,Conference Audio Matrix,12,1100,13200,0.401,5293.2,7906.8,10374.1,-2467.3,-31.2
ORD-2023-1391,2023-04-16,Orion Consumer Goods,Mid-Market,Latin America,Professional Services,Architecture Review & Audit,5,3500,17500,0.209,3657.5,13842.5,9338.72,4503.78,32.54
ORD-2023-2239,2023-04-16,Orion Consumer Goods,Enterprise,Europe,Workplace & Office Solutions,Executive Telepresence Unit,8,2900,23200,0.19,4408.0,18792.0,19899.95,-1107.95,-5.9
ORD-2023-1047,2023-04-16,Titan Energy Partners,Enterprise,Asia-Pacific,Hardware & Infrastructure,High-Density Rack Switch,13,3800,49400,0.041,2025.4,47374.6,41218.23,6156.37,13.0
ORD-2023-1483,2023-04-16,MegaRetail Logistics,Enterprise,North America,Professional Services,24/7 Managed SRE Support,6,4000,24000,0.369,8856.0,15144.0,14781.99,362.01,2.39
ORD-2023-2333,2023-04-17,Beacon Healthcare,Mid-Market,Asia-Pacific,Professional Services,Cloud Migration Sprint,4,5000,20000,0.044,880.0,19120.0,10663.92,8456.08,44.23
ORD-2023-1041,2023-04-17,Quantum Dynamics,Enterprise,Europe,Enterprise Software,Analytics Cloud Pro,13,2800,36400,0.096,3494.4,32905.6,8803.87,24101.73,73.25
ORD-2023-1491,2023-04-18,MegaRetail Logistics,Enterprise,North America,Hardware & Infrastructure,Industrial IoT Sensor Pack,17,1200,20400,0.392,7996.8,12403.2,15763.6,-3360.4,-27.09
ORD-2023-1995,2023-04-18,OmniCorp International,Enterprise,Middle East & Africa,Enterprise Software,Cloud ERP Suite,12,4500,54000,0.308,16632.0,37368.0,13901.01,23466.99,62.8
ORD-2023-2379,2023-04-18,OmniCorp International,Enterprise,Europe,Workplace & Office Solutions,Executive Telepresence Unit,11,2900,31900,0.338,10782.2,21117.8,28454.33,-7336.53,-34.74
ORD-2023-2012,2023-04-18,Orion Consumer Goods,Mid-Market,Latin America,Hardware & Infrastructure,Industrial IoT Sensor Pack,4,1200,4800,0.153,734.4,4065.6,3805.09,260.51,6.41
ORD-2023-2115,2023-04-18,Synergy BioLabs,Mid-Market,Europe,Enterprise Software,Analytics Cloud Pro,1,2800,2800,0.025,70.0,2730.0,735.94,1994.06,73.04
ORD-2023-1017,2023-04-19,Titan Energy Partners,Enterprise,Middle East & Africa,Professional Services,Architecture Review & Audit,11,3500,38500,0.072,2772.0,35728.0,19578.2,16149.8,45.2
ORD-2023-1959,2023-04-19,Vanguard Financial Systems,Enterprise,North America,Enterprise Software,DevOps Automation Hub,8,1900,15200,0.06,912.0,14288.0,4655.96,9632.04,67.41
ORD-2023-1792,2023-04-19,Apex Horizon Distribution,Enterprise,Latin America,Hardware & Infrastructure,Industrial IoT Sensor Pack,7,1200,8400,0.405,3402.0,4998.0,6069.59,-1071.59,-21.44
ORD-2023-1659,2023-04-19,Summit Capital Advisors,Mid-Market,North America,Hardware & Infrastructure,High-Density Rack Switch,4,3800,15200,0.031,471.2,14728.8,12709.42,2019.38,13.71
ORD-2023-1883,2023-04-20,Apex Global Tech,Enterprise,North America,Hardware & Infrastructure,Industrial IoT Sensor Pack,13,1200,15600,0.031,483.6,15116.4,11654.68,3461.72,22.9
ORD-2023-1064,2023-04-20,OmniCorp International,Enterprise,Europe,Hardware & Infrastructure,Edge AI Gateway Server,18,6500,117000,0.412,48204.0,68796.0,84538.02,-15742.02,-22.88
ORD-2023-1321,2023-04-20,Apex Horizon Distribution,Enterprise,Latin America,Workplace & Office Solutions,Conference Audio Matrix,9,1100,9900,0.266,2633.4,7266.6,8205.27,-938.67,-12.92
ORD-2023-1695,2023-04-20,Quantum Dynamics,Enterprise,Europe,Professional Services,Architecture Review & Audit,6,3500,21000,0.039,819.0,20181.0,10296.78,9884.22,48.98
ORD-2023-1243,2023-04-21,Zenith Biopharma,Mid-Market,Asia-Pacific,Workplace & Office Solutions,Conference Audio Matrix,1,1100,1100,0.08,88.0,1012.0,905.01,106.99,10.57
ORD-2023-2315,2023-04-21,MegaRetail Logistics,Enterprise,North America,Enterprise Software,CyberSecurity Platform,15,3200,48000,0.465,22320.0,25680.0,15246.41,10433.59,40.63
ORD-2023-1141,2023-04-21,Cascade Industrial Works,Enterprise,Middle East & Africa,Professional Services,Custom Integration Toolkit,6,2500,15000,0.157,2355.0,12645.0,8494.85,4150.15,32.82
ORD-2023-1488,2023-04-21,Titan Energy Partners,Enterprise,Middle East & Africa,Enterprise Software,Cloud ERP Suite,13,4500,58500,0.059,3451.5,55048.5,14860.04,40188.46,73.01
ORD-2023-2438,2023-04-21,Budget Office Outlet,Enterprise,Europe,Enterprise Software,CyberSecurity Platform,6,3200,19200,0.44,8448.0,10752.0,5694.82,5057.18,47.03
ORD-2023-1080,2023-04-21,Quantum Dynamics,Enterprise,Europe,Enterprise Software,CyberSecurity Platform,7,3200,22400,0.071,1590.4,20809.6,7120.52,13689.08,65.78
ORD-2023-2059,2023-04-21,Global Wholesale Direct,Enterprise,Asia-Pacific,Professional Services,24/7 Managed SRE Support,7,4000,28000,0.405,11340.0,16660.0,18054.03,-1394.03,-8.37
ORD-2023-1028,2023-04-22,Global Wholesale Direct,Enterprise,Asia-Pacific,Workplace & Office Solutions,Conference Audio Matrix,16,1100,17600,0.365,6424.0,11176.0,13256.29,-2080.29,-18.61
ORD-2023-1755,2023-04-22,Vanguard Financial Systems,Mid-Market,North America,Professional Services,Custom Integration Toolkit,4,2500,10000,0.051,510.0,9490.0,5754.18,3735.82,39.37
ORD-2023-1405,2023-04-22,Titan Energy Partners,Enterprise,Middle East & Africa,Hardware & Infrastructure,High-Density Rack Switch,12,3800,45600,0.029,1322.4,44277.6,36134.92,8142.68,18.39
ORD-2023-2387,2023-04-22,Sterling & Cross Partners,Enterprise,Europe,Professional Services,Custom Integration Toolkit,7,2500,17500,0.111,1942.5,15557.5,10133.44,5424.06,34.86
ORD-2023-1342,2023-04-22,Global Wholesale Direct,Enterprise,North America,Enterprise Software,Analytics Cloud Pro,14,2800,39200,0.442,17326.4,21873.6,9519.39,12354.21,56.48
ORD-2023-2235,2023-04-23,Summit Capital Advisors,Mid-Market,North America,Workplace & Office Solutions,Modular Acoustic Pods,2,4200,8400,0.038,319.2,8080.8,7581.98,498.82,6.17
ORD-2023-2079,2023-04-24,Beacon Healthcare,Enterprise,Asia-Pacific,Hardware & Infrastructure,Industrial IoT Sensor Pack,13,1200,15600,0.057,889.2,14710.8,11434.77,3276.03,22.27
ORD-2023-1019,2023-04-25,MegaRetail Logistics,Mid-Market,North America,Professional Services,Custom Integration Toolkit,4,2500,10000,0.467,4670.0,5330.0,5959.71,-629.71,-11.81
ORD-2023-1840,2023-04-25,Precision Robotics Ltd,Mid-Market,North America,Enterprise Software,CyberSecurity Platform,3,3200,9600,0.055,528.0,9072.0,2891.39,6180.61,68.13
ORD-2023-1884,2023-04-26,Quantum Dynamics,Enterprise,Europe,Hardware & Infrastructure,High-Density Rack Switch,9,3800,34200,0.083,2838.6,31361.4,27644.89,3716.51,11.85
ORD-2023-1503,2023-04-26,Titan Energy Partners,Enterprise,Middle East & Africa,Hardware & Infrastructure,Industrial IoT Sensor Pack,10,1200,12000,0.073,876.0,11124.0,9065.6,2058.4,18.5
ORD-2023-1115,2023-04-27,Precision Robotics Ltd,Mid-Market,Asia-Pacific,Workplace & Office Solutions,Ergonomic Smart Desk Suite,2,1600,3200,0.043,137.6,3062.4,2606.23,456.17,14.9
ORD-2023-1168,2023-04-27,Vanguard Financial Systems,Enterprise,North America,Professional Services,Architecture Review & Audit,11,3500,38500,0.031,1193.5,37306.5,19095.43,18211.07,48.81
ORD-2023-1708,2023-04-27,Acrobat Logistics Group,Mid-Market,Latin America,Hardware & Infrastructure,Edge AI Gateway Server,2,6500,13000,0.171,2223.0,10777.0,9226.46,1550.54,14.39
ORD-2023-1992,2023-04-27,Budget Office Outlet,Enterprise,Europe,Enterprise Software,Analytics Cloud Pro,7,2800,19600,0.424,8310.4,11289.6,4731.88,6557.72,58.09
ORD-2023-2360,2023-04-28,Synergy BioLabs,Mid-Market,Europe,Professional Services,Custom Integration Toolkit,1,2500,2500,0.009,22.5,2477.5,1388.73,1088.77,43.95
ORD-2023-1497,2023-04-29,Apex Horizon Distribution,Enterprise,Asia-Pacific,Professional Services,24/7 Managed SRE Support,10,4000,40000,0.266,10640.0,29360.0,25165.6,4194.4,14.29
ORD-2023-2259,2023-04-29,Apex Global Tech,Enterprise,North America,Hardware & Infrastructure,High-Density Rack Switch,11,3800,41800,0.02,836.0,40964.0,33935.3,7028.7,17.16
ORD-2023-1522,2023-04-29,OmniCorp International,Enterprise,Europe,Hardware & Infrastructure,NVMe SAN Storage Array,15,8200,123000,0.409,50307.0,72693.0,105890.48,-33197.48,-45.67
ORD-2023-1954,2023-04-29,Zenith Biopharma,Enterprise,Asia-Pacific,Hardware & Infrastructure,Industrial IoT Sensor Pack,7,1200,8400,0.12,1008.0,7392.0,6744.38,647.62,8.76
ORD-2023-1386,2023-04-29,Acrobat Logistics Group,Enterprise,North America,Hardware & Infrastructure,Edge AI Gateway Server,7,6500,45500,0.145,6597.5,38902.5,34579.38,4323.12,11.11
ORD-2023-2177,2023-04-29,Sterling & Cross Partners,Mid-Market,Latin America,Hardware & Infrastructure,High-Density Rack Switch,5,3800,19000,0.22599999999999998,4294.0,14706.0,15410.58,-704.58,-4.79
ORD-2023-2172,2023-04-29,Orion Consumer Goods,Enterprise,Latin America,Workplace & Office Solutions,Executive Telepresence Unit,8,2900,23200,0.168,3897.6,19302.4,19997.62,-695.22,-3.6
ORD-2023-1111,2023-04-29,Titan Energy Partners,Enterprise,Middle East & Africa,Professional Services,24/7 Managed SRE Support,8,4000,32000,0.078,2496.0,29504.0,19248.82,10255.18,34.76
ORD-2023-2152,2023-04-30,Horizon Media Network,Mid-Market,North America,Hardware & Infrastructure,High-Density Rack Switch,1,3800,3800,0.139,528.2,3271.8,3204.69,67.11,2.05
ORD-2023-1711,2023-05-01,Pinnacle Manufacturing,Mid-Market,North America,Workplace & Office Solutions,Conference Audio Matrix,3,1100,3300,0.141,465.3,2834.7,2740.88,93.82,3.31
ORD-2023-2455,2023-05-01,Apex Global Tech,Enterprise,North America,Hardware & Infrastructure,Edge AI Gateway Server,10,6500,65000,0.074,4810.0,60190.0,51731.02,8458.98,14.05
ORD-2023-2444,2023-05-01,MegaRetail Logistics,Mid-Market,North America,Hardware & Infrastructure,NVMe SAN Storage Array,5,8200,41000,0.39,15990.0,25010.0,33005.88,-7995.88,-31.97
ORD-2023-1297,2023-05-01,Pinnacle Manufacturing,Mid-Market,North America,Enterprise Software,CyberSecurity Platform,4,3200,12800,0.127,1625.6,11174.4,3982.64,7191.76,64.36
ORD-2023-2198,2023-05-01,Orion Consumer Goods,Mid-Market,Latin America,Enterprise Software,Cloud ERP Suite,4,4500,18000,0.138,2484.0,15516.0,4933.84,10582.16,68.2
ORD-2023-1723,2023-05-02,Quantum Dynamics,Mid-Market,Europe,Professional Services,Architecture Review & Audit,3,3500,10500,0.032,336.0,10164.0,5569.07,4594.93,45.21
ORD-2023-1509,2023-05-02,Cascade Industrial Works,Enterprise,Middle East & Africa,Workplace & Office Solutions,Modular Acoustic Pods,6,4200,25200,0.188,4737.6,20462.4,22612.63,-2150.23,-10.51
ORD-2023-1808,2023-05-04,Zenith Biopharma,Mid-Market,Asia-Pacific,Hardware & Infrastructure,NVMe SAN Storage Array,2,8200,16400,0.069,1131.6,15268.4,14469.04,799.36,5.24
ORD-2023-1669,2023-05-04,Vanguard Financial Systems,Enterprise,North America,Professional Services,Custom Integration Toolkit,9,2500,22500,0.062,1395.0,21105.0,12341.36,8763.64,41.52
ORD-2023-2018,2023-05-04,Apex Horizon Distribution,Mid-Market,Latin America,Enterprise Software,DevOps Automation Hub,5,1900,9500,0.313,2973.5,6526.5,2962.94,3563.56,54.6
ORD-2023-2127,2023-05-04,Quantum Dynamics,Enterprise,Europe,Hardware & Infrastructure,Industrial IoT Sensor Pack,9,1200,10800,0.046,496.8,10303.2,7806.5,2496.7,24.23
ORD-2023-2194,2023-05-05,FinTech Innovations,Mid-Market,North America,Enterprise Software,Cloud ERP Suite,1,4500,4500,0.034,153.0,4347.0,1244.33,3102.67,71.37
ORD-2023-1412,2023-05-06,Cascade Industrial Works,Enterprise,Middle East & Africa,Hardware & Infrastructure,Edge AI Gateway Server,6,6500,39000,0.094,3666.0,35334.0,29085.96,6248.04,17.68
ORD-2023-2347,2023-05-06,OmniCorp International,Enterprise,Europe,Enterprise Software,Cloud ERP Suite,11,4500,49500,0.298,14751.0,34749.0,13024.71,21724.29,62.52
ORD-2023-2424,2023-05-07,Vanguard Financial Systems,Enterprise,Middle East & Africa,Professional Services,Custom Integration Toolkit,13,2500,32500,0.036,1170.0,31330.0,18795.24,12534.76,40.01
ORD-2023-2046,2023-05-07,FinTech Innovations,Mid-Market,North America,Enterprise Software,Cloud ERP Suite,4,4500,18000,0.028,504.0,17496.0,5067.18,12428.82,71.04
ORD-2023-1489,2023-05-07,Cascade Industrial Works,Enterprise,Middle East & Africa,Workplace & Office Solutions,Modular Acoustic Pods,7,4200,29400,0.145,4263.0,25137.0,25494.12,-357.12,-1.42
ORD-2023-2200,2023-05-08,Quantum Dynamics,Mid-Market,Europe,Professional Services,Cloud Migration Sprint,4,5000,20000,0.065,1300.0,18700.0,11169.34,7530.66,40.27
ORD-2023-1876,2023-05-09,Vanguard Financial Systems,Enterprise,North America,Hardware & Infrastructure,High-Density Rack Switch,7,3800,26600,0.023,611.8,25988.2,23382.71,2605.49,10.03
ORD-2023-1811,2023-05-10,Orion Consumer Goods,Enterprise,Middle East & Africa,Professional Services,Custom Integration Toolkit,8,2500,20000,0.141,2820.0,17180.0,11571.59,5608.41,32.64
ORD-2023-1388,2023-05-10,Vanguard Financial Systems,Enterprise,Middle East & Africa,Professional Services,Architecture Review & Audit,8,3500,28000,0.055,1540.0,26460.0,15315.12,11144.88,42.12
ORD-2023-1750,2023-05-11,Precision Robotics Ltd,Mid-Market,Asia-Pacific,Hardware & Infrastructure,NVMe SAN Storage Array,3,8200,24600,0.045,1107.0,23493.0,20756.7,2736.3,11.65
ORD-2023-1950,2023-05-11,Synergy BioLabs,Mid-Market,Europe,Enterprise Software,Analytics Cloud Pro,1,2800,2800,0.025,70.0,2730.0,753.58,1976.42,72.4
ORD-2023-2052,2023-05-12,Apex Horizon Distribution,Enterprise,Latin America,Hardware & Infrastructure,Edge AI Gateway Server,13,6500,84500,0.527,44531.5,39968.5,66853.07,-26884.57,-67.26
ORD-2023-1551,2023-05-12,Global Wholesale Direct,Enterprise,Asia-Pacific,Workplace & Office Solutions,Conference Audio Matrix,9,1100,9900,0.441,4365.9,5534.1,7500.74,-1966.64,-35.54
ORD-2023-1653,2023-05-13,Apex Horizon Distribution,Enterprise,Latin America,Enterprise Software,Cloud ERP Suite,17,4500,76500,0.28,21420.0,55080.0,19462.94,35617.06,64.66
ORD-2023-1961,2023-05-13,Quantum Dynamics,Enterprise,Europe,Workplace & Office Solutions,Conference Audio Matrix,14,1100,15400,0.045,693.0,14707.0,11380.31,3326.69,22.62
ORD-2023-1942,2023-05-14,Apex Horizon Distribution,Enterprise,Latin America,Professional Services,Custom Integration Toolkit,10,2500,25000,0.323,8075.0,16925.0,13676.02,3248.98,19.2
ORD-2023-1787,2023-05-14,Apex Horizon Distribution,Mid-Market,Middle East & Africa,Enterprise Software,Cloud ERP Suite,5,4500,22500,0.314,7065.0,15435.0,6295.81,9139.19,59.21
ORD-2023-2344,2023-05-14,Nexus Telecom,Mid-Market,Asia-Pacific,Enterprise Software,DevOps Automation Hub,1,1900,1900,0.178,338.2,1561.8,619.49,942.31,60.33
ORD-2023-1577,2023-05-14,Vanguard Financial Systems,Enterprise,Middle East & Africa,Enterprise Software,Cloud ERP Suite,10,4500,45000,0.064,2880.0,42120.0,12241.29,29878.71,70.94
ORD-2023-1486,2023-05-15,Helios Solar Tech,Mid-Market,Latin America,Enterprise Software,CyberSecurity Platform,4,3200,12800,0.099,1267.2,11532.8,3620.83,7911.97,68.6
ORD-2023-1191,2023-05-15,Quantum Dynamics,Enterprise,Europe,Enterprise Software,Analytics Cloud Pro,12,2800,33600,0.072,2419.2,31180.8,8148.44,23032.36,73.87
ORD-2023-2240,2023-05-16,Vanguard Financial Systems,Mid-Market,North America,Hardware & Infrastructure,High-Density Rack Switch,4,3800,15200,0.034,516.8,14683.2,12221.46,2461.74,16.77
ORD-2023-1829,2023-05-16,Nexus Telecom,Mid-Market,Asia-Pacific,Enterprise Software,DevOps Automation Hub,4,1900,7600,0.116,881.6,6718.4,2354.59,4363.81,64.95
ORD-2023-1841,2023-05-16,Apex Global Tech,Enterprise,Middle East & Africa,Enterprise Software,Analytics Cloud Pro,9,2800,25200,0.048,1209.6,23990.4,6329.09,17661.31,73.62
ORD-2023-1381,2023-05-16,Quantum Dynamics,Enterprise,Europe,Enterprise Software,Analytics Cloud Pro,8,2800,22400,0.057,1276.8,21123.2,5930.77,15192.43,71.92
ORD-2023-1844,2023-05-16,Cascade Industrial Works,Mid-Market,Middle East & Africa,Workplace & Office Solutions,Modular Acoustic Pods,5,4200,21000,0.18,3780.0,17220.0,17817.2,-597.2,-3.47
ORD-2023-2258,2023-05-17,Global Wholesale Direct,Enterprise,Asia-Pacific,Hardware & Infrastructure,NVMe SAN Storage Array,18,8200,147600,0.369,54464.4,93135.6,130755.37,-37619.77,-40.39
ORD-2023-1899,2023-05-18,Apex Global Tech,Enterprise,Asia-Pacific,Hardware & Infrastructure,Industrial IoT Sensor Pack,9,1200,10800,0.039,421.2,10378.8,8104.7,2274.1,21.91
ORD-2023-1455,2023-05-18,Quantum Dynamics,Enterprise,Europe,Workplace & Office Solutions,Ergonomic Smart Desk Suite,6,1600,9600,0.051,489.6,9110.4,8478.14,632.26,6.94
ORD-2023-1144,2023-05-19,Titan Energy Partners,Enterprise,Middle East & Africa,Enterprise Software,CyberSecurity Platform,11,3200,35200,0.043,1513.6,33686.4,10431.52,23254.88,69.03
ORD-2023-1867,2023-05-19,Vanguard Financial Systems,Enterprise,North America,Professional Services,Custom Integration Toolkit,14,2500,35000,0.031,1085.0,33915.0,18754.76,15160.24,44.7
ORD-2023-1934,2023-05-20,Apex Horizon Distribution,Enterprise,Latin America,Hardware & Infrastructure,Industrial IoT Sensor Pack,16,1200,19200,0.401,7699.2,11500.8,14251.98,-2751.18,-23.92
ORD-2023-2146,2023-05-20,Helios Solar Tech,Enterprise,Europe,Workplace & Office Solutions,Ergonomic Smart Desk Suite,6,1600,9600,0.144,1382.4,8217.6,7901.09,316.51,3.85
ORD-2023-1329,2023-05-20,MegaRetail Logistics,Enterprise,Latin America,Professional Services,Custom Integration Toolkit,17,2500,42500,0.354,15045.0,27455.0,24476.34,2978.66,10.85
ORD-2023-2067,2023-05-21,Beacon Healthcare,Enterprise,Asia-Pacific,Workplace & Office Solutions,Executive Telepresence Unit,6,2900,17400,0.08,1392.0,16008.0,14080.6,1927.4,12.04
ORD-2023-1387,2023-05-21,Titan Energy Partners,Mid-Market,Middle East & Africa,Hardware & Infrastructure,Edge AI Gateway Server,3,6500,19500,0.062,1209.0,18291.0,13986.69,4304.31,23.53
ORD-2023-1477,2023-05-21,Quantum Dynamics,Mid-Market,Europe,Workplace & Office Solutions,Ergonomic Smart Desk Suite,5,1600,8000,0.099,792.0,7208.0,6713.19,494.81,6.86
ORD-2023-1190,2023-05-21,Beacon Healthcare,Enterprise,Asia-Pacific,Workplace & Office Solutions,Executive Telepresence Unit,6,2900,17400,0.048,835.2,16564.8,14530.26,2034.54,12.28
ORD-2023-1263,2023-05-21,Vanguard Financial Systems,Enterprise,North America,Workplace & Office Solutions,Ergonomic Smart Desk Suite,13,1600,20800,0.01,208.0,20592.0,17928.13,2663.87,12.94
ORD-2023-1375,2023-05-21,Quantum Dynamics,Enterprise,Europe,Professional Services,24/7 Managed SRE Support,7,4000,28000,0.057,1596.0,26404.0,17736.4,8667.6,32.83
ORD-2023-1255,2023-05-22,Vanguard Financial Systems,Enterprise,North America,Workplace & Office Solutions,Ergonomic Smart Desk Suite,14,1600,22400,0.041,918.4,21481.6,19333.1,2148.5,10.0
ORD-2023-1013,2023-05-22,Acrobat Logistics Group,Mid-Market,Latin America,Workplace & Office Solutions,Conference Audio Matrix,4,1100,4400,0.151,664.4,3735.6,3270.18,465.42,12.46
ORD-2023-2094,2023-05-22,Global Wholesale Direct,Enterprise,Asia-Pacific,Professional Services,Architecture Review & Audit,15,3500,52500,0.5,26250.0,26250.0,28290.87,-2040.87,-7.77
ORD-2023-1691,2023-05-22,Titan Energy Partners,Enterprise,Middle East & Africa,Workplace & Office Solutions,Executive Telepresence Unit,6,2900,17400,0.055,957.0,16443.0,15272.22,1170.78,7.12
ORD-2023-2407,2023-05-22,Horizon Media Network,Mid-Market,North America,Enterprise Software,Cloud ERP Suite,5,4500,22500,0.102,2295.0,20205.0,5920.95,14284.05,70.7
ORD-2023-1567,2023-05-23,OmniCorp International,Enterprise,Latin America,Workplace & Office Solutions,Ergonomic Smart Desk Suite,12,1600,19200,0.355,6816.0,12384.0,15874.36,-3490.36,-28.18
ORD-2023-1852,2023-05-23,Pinnacle Manufacturing,Mid-Market,Asia-Pacific,Enterprise Software,DevOps Automation Hub,1,1900,1900,0.121,229.9,1670.1,579.12,1090.98,65.32
ORD-2023-2411,2023-05-23,Beacon Healthcare,Enterprise,Asia-Pacific,Workplace & Office Solutions,Conference Audio Matrix,12,1100,13200,0.074,976.8,12223.2,9954.55,2268.65,18.56
ORD-2023-1922,2023-05-24,Global Wholesale Direct,Enterprise,Asia-Pacific,Enterprise Software,DevOps Automation Hub,17,1900,32300,0.362,11692.6,20607.4,10447.11,10160.29,49.3
ORD-2023-1470,2023-05-24,Cascade Industrial Works,Enterprise,Middle East & Africa,Enterprise Software,DevOps Automation Hub,6,1900,11400,0.162,1846.8,9553.2,3726.73,5826.47,60.99
ORD-2023-2290,2023-05-24,Quantum Dynamics,Enterprise,Latin America,Hardware & Infrastructure,High-Density Rack Switch,10,3800,38000,0.082,3116.0,34884.0,30657.02,4226.98,12.12
ORD-2023-2415,2023-05-24,Apex Horizon Distribution,Mid-Market,Latin America,Enterprise Software,DevOps Automation Hub,5,1900,9500,0.355,3372.5,6127.5,2967.93,3159.57,51.56
ORD-2023-2431,2023-05-24,MegaRetail Logistics,Enterprise,North America,Professional Services,Custom Integration Toolkit,15,2500,37500,0.35,13125.0,24375.0,22031.92,2343.08,9.61
ORD-2023-2231,2023-05-24,Helios Solar Tech,Mid-Market,Europe,Workplace & Office Solutions,Modular Acoustic Pods,3,4200,12600,0.112,1411.2,11188.8,10869.28,319.52,2.86
ORD-2023-1349,2023-05-25,OmniCorp International,Enterprise,Europe,Enterprise Software,CyberSecurity Platform,9,3200,28800,0.367,10569.6,18230.4,8587.37,9643.03,52.9
ORD-2023-1187,2023-05-25,Acrobat Logistics Group,Mid-Market,Latin America,Hardware & Infrastructure,NVMe SAN Storage Array,2,8200,16400,0.192,3148.8,13251.2,14286.96,-1035.76,-7.82
ORD-2023-1742,2023-05-25,Titan Energy Partners,Enterprise,Middle East & Africa,Professional Services,24/7 Managed SRE Support,7,4000,28000,0.077,2156.0,25844.0,17715.94,8128.06,31.45
ORD-2023-1803,2023-05-25,Apex Horizon Distribution,Mid-Market,Europe,Hardware & Infrastructure,Edge AI Gateway Server,4,6500,26000,0.333,8658.0,17342.0,18287.58,-945.58,-5.45
ORD-2023-2408,2023-05-27,Acrobat Logistics Group,Mid-Market,Middle East & Africa,Hardware & Infrastructure,Edge AI Gateway Server,5,6500,32500,0.2,6500.0,26000.0,23413.79,2586.21,9.95
ORD-2023-1573,2023-05-27,MegaRetail Logistics,Enterprise,Europe,Hardware & Infrastructure,Industrial IoT Sensor Pack,13,1200,15600,0.443,6910.8,8689.2,12362.91,-3673.71,-42.28
ORD-2023-2287,2023-05-27,Quantum Dynamics,Enterprise,Europe,Hardware & Infrastructure,Edge AI Gateway Server,14,6500,91000,0.056,5096.0,85904.0,64070.17,21833.83,25.42
ORD-2023-2170,2023-05-27,Titan Energy Partners,Enterprise,Latin America,Professional Services,Architecture Review & Audit,14,3500,49000,0.072,3528.0,45472.0,26810.54,18661.46,41.04
ORD-2023-1546,2023-05-28,OmniCorp International,Enterprise,Europe,Workplace & Office Solutions,Conference Audio Matrix,14,1100,15400,0.331,5097.4,10302.6,12677.16,-2374.56,-23.05
ORD-2023-1293,2023-05-28,Acrobat Logistics Group,Mid-Market,Latin America,Hardware & Infrastructure,High-Density Rack Switch,5,3800,19000,0.181,3439.0,15561.0,15858.21,-297.21,-1.91
ORD-2023-2069,2023-05-29,OmniCorp International,Enterprise,Europe,Professional Services,Cloud Migration Sprint,12,5000,60000,0.29,17400.0,42600.0,34135.05,8464.95,19.87
ORD-2023-1150,2023-05-29,Titan Energy Partners,Enterprise,Middle East & Africa,Hardware & Infrastructure,Edge AI Gateway Server,7,6500,45500,0.079,3594.5,41905.5,34279.66,7625.84,18.2
ORD-2023-2068,2023-05-30,Quantum Dynamics,Enterprise,Europe,Workplace & Office Solutions,Conference Audio Matrix,7,1100,7700,0.04,308.0,7392.0,5891.26,1500.74,20.3
ORD-2023-2001,2023-05-30,Vanguard Financial Systems,Enterprise,North America,Professional Services,Cloud Migration Sprint,10,5000,50000,0.056,2800.0,47200.0,29212.16,17987.84,38.11
ORD-2023-1851,2023-05-31,Quantum Dynamics,Enterprise,Europe,Professional Services,Custom Integration Toolkit,7,2500,17500,0.086,1505.0,15995.0,10238.16,5756.84,35.99
ORD-2023-2492,2023-06-01,OmniCorp International,Enterprise,Europe,Workplace & Office Solutions,Modular Acoustic Pods,12,4200,50400,0.378,19051.2,31348.8,44592.85,-13244.05,-42.25
ORD-2023-1424,2023-06-01,Global Wholesale Direct,Mid-Market,Asia-Pacific,Professional Services,Cloud Migration Sprint,4,5000,20000,0.426,8520.0,11480.0,11975.48,-495.48,-4.32
ORD-2023-1177,2023-06-01,Budget Office Outlet,Enterprise,Europe,Hardware & Infrastructure,NVMe SAN Storage Array,6,8200,49200,0.347,17072.4,32127.6,40118.16,-7990.56,-24.87
ORD-2023-1308,2023-06-02,Titan Energy Partners,Enterprise,Europe,Enterprise Software,Cloud ERP Suite,11,4500,49500,0.034,1683.0,47817.0,13603.54,34213.46,71.55
ORD-2023-1292,2023-06-02,Apex Global Tech,Enterprise,North America,Professional Services,Custom Integration Toolkit,9,2500,22500,0.038,855.0,21645.0,12271.19,9373.81,43.31
ORD-2023-1045,2023-06-02,Beacon Healthcare,Mid-Market,Asia-Pacific,Enterprise Software,Cloud ERP Suite,4,4500,18000,0.067,1206.0,16794.0,5080.79,11713.21,69.75
ORD-2023-1248,2023-06-02,Cascade Industrial Works,Enterprise,Middle East & Africa,Professional Services,Custom Integration Toolkit,8,2500,20000,0.151,3020.0,16980.0,11390.58,5589.42,32.92
ORD-2023-1953,2023-06-02,Vanguard Financial Systems,Enterprise,Middle East & Africa,Workplace & Office Solutions,Ergonomic Smart Desk Suite,6,1600,9600,0.013,124.8,9475.2,7887.85,1587.35,16.75
ORD-2023-1277,2023-06-03,Sterling & Cross Partners,Mid-Market,Europe,Enterprise Software,Cloud ERP Suite,4,4500,18000,0.065,1170.0,16830.0,5093.2,11736.8,69.74
ORD-2023-2276,2023-06-04,Quantum Dynamics,Mid-Market,Europe,Professional Services,Cloud Migration Sprint,3,5000,15000,0.042,630.0,14370.0,8559.28,5810.72,40.44
ORD-2023-2325,2023-06-04,Orion Consumer Goods,Mid-Market,Latin America,Professional Services,24/7 Managed SRE Support,1,4000,4000,0.21,840.0,3160.0,2571.35,588.65,18.63
ORD-2023-1069,2023-06-04,Quantum Dynamics,Mid-Market,Europe,Professional Services,Cloud Migration Sprint,5,5000,25000,0.046,1150.0,23850.0,14562.99,9287.01,38.94
ORD-2023-1254,2023-06-05,Titan Energy Partners,Enterprise,Middle East & Africa,Workplace & Office Solutions,Conference Audio Matrix,9,1100,9900,0.045,445.5,9454.5,7470.27,1984.23,20.99
ORD-2023-1690,2023-06-06,Vanguard Financial Systems,Enterprise,North America,Hardware & Infrastructure,Industrial IoT Sensor Pack,6,1200,7200,0.036,259.2,6940.8,5349.29,1591.51,22.93
ORD-2023-1078,2023-06-06,Quantum Dynamics,Mid-Market,Europe,Hardware & Infrastructure,High-Density Rack Switch,3,3800,11400,0.047,535.8,10864.2,9407.54,1456.66,13.41
ORD-2023-2380,2023-06-07,Synergy BioLabs,Mid-Market,Europe,Professional Services,24/7 Managed SRE Support,4,4000,16000,0.042,672.0,15328.0,9251.86,6076.14,39.64
ORD-2023-1320,2023-06-07,Beacon Healthcare,Enterprise,Asia-Pacific,Enterprise Software,Cloud ERP Suite,7,4500,31500,0.059,1858.5,29641.5,8836.01,20805.49,70.19
ORD-2023-1645,2023-06-07,Quantum Dynamics,Enterprise,Europe,Enterprise Software,Cloud ERP Suite,8,4500,36000,0.079,2844.0,33156.0,10107.75,23048.25,69.51
ORD-2023-1540,2023-06-07,Quantum Dynamics,Enterprise,Europe,Workplace & Office Solutions,Ergonomic Smart Desk Suite,14,1600,22400,0.032,716.8,21683.2,19716.35,1966.85,9.07
ORD-2023-2229,2023-06-09,Orion Consumer Goods,Mid-Market,Latin America,Enterprise Software,DevOps Automation Hub,1,1900,1900,0.197,374.3,1525.7,589.51,936.19,61.36
ORD-2023-1506,2023-06-10,Vanguard Financial Systems,Enterprise,North America,Enterprise Software,Cloud ERP Suite,13,4500,58500,0.04,2340.0,56160.0,15771.72,40388.28,71.92
ORD-2023-1900,2023-06-10,Quantum Dynamics,Enterprise,Europe,Workplace & Office Solutions,Modular Acoustic Pods,10,4200,42000,0.065,2730.0,39270.0,36031.68,3238.32,8.25
ORD-2023-1131,2023-06-11,MegaRetail Logistics,Enterprise,North America,Workplace & Office Solutions,Conference Audio Matrix,14,1100,15400,0.313,4820.2,10579.8,12767.28,-2187.48,-20.68
ORD-2023-1752,2023-06-12,Cascade Industrial Works,Mid-Market,Middle East & Africa,Workplace & Office Solutions,Executive Telepresence Unit,4,2900,11600,0.187,2169.2,9430.8,9798.98,-368.18,-3.9
ORD-2023-2429,2023-06-12,Precision Robotics Ltd,Mid-Market,Asia-Pacific,Workplace & Office Solutions,Conference Audio Matrix,1,1100,1100,0.038,41.8,1058.2,902.07,156.13,14.75
ORD-2023-2341,2023-06-12,Beacon Healthcare,Enterprise,Europe,Workplace & Office Solutions,Conference Audio Matrix,11,1100,12100,0.062,750.2,11349.8,9003.54,2346.26,20.67
ORD-2023-2313,2023-06-12,Apex Horizon Distribution,Enterprise,Latin America,Enterprise Software,Analytics Cloud Pro,10,2800,28000,0.347,9716.0,18284.0,7426.98,10857.02,59.38
ORD-2023-1240,2023-06-13,Vanguard Financial Systems,Enterprise,Europe,Professional Services,24/7 Managed SRE Support,6,4000,24000,0.04,960.0,23040.0,14643.56,8396.44,36.44
ORD-2023-1014,2023-06-13,Beacon Healthcare,Enterprise,Asia-Pacific,Enterprise Software,CyberSecurity Platform,13,3200,41600,0.08,3328.0,38272.0,12410.28,25861.72,67.57
ORD-2023-1561,2023-06-13,Budget Office Outlet,Enterprise,Middle East & Africa,Hardware & Infrastructure,High-Density Rack Switch,8,3800,30400,0.336,10214.4,20185.6,26618.65,-6433.05,-31.87
ORD-2023-1917,2023-06-14,Titan Energy Partners,Enterprise,Middle East & Africa,Workplace & Office Solutions,Conference Audio Matrix,7,1100,7700,0.035,269.5,7430.5,6117.55,1312.95,17.67
ORD-2023-1846,2023-06-14,MegaRetail Logistics,Enterprise,North America,Workplace & Office Solutions,Executive Telepresence Unit,13,2900,37700,0.428,16135.6,21564.4,31438.56,-9874.16,-45.79
ORD-2023-1524,2023-06-14,Horizon Media Network,Mid-Market,North America,Enterprise Software,CyberSecurity Platform,5,3200,16000,0.159,2544.0,13456.0,4934.49,8521.51,63.33
ORD-2023-2323,2023-06-14,Helios Solar Tech,Enterprise,Europe,Workplace & Office Solutions,Modular Acoustic Pods,8,4200,33600,0.167,5611.2,27988.8,28995.32,-1006.52,-3.6
ORD-2023-1986,2023-06-15,Global Wholesale Direct,Mid-Market,Asia-Pacific,Workplace & Office Solutions,Modular Acoustic Pods,4,4200,16800,0.372,6249.6,10550.4,14039.8,-3489.4,-33.07
ORD-2023-1018,2023-06-15,Apex Horizon Distribution,Enterprise,Latin America,Hardware & Infrastructure,High-Density Rack Switch,9,3800,34200,0.342,11696.4,22503.6,28428.59,-5924.99,-26.33
ORD-2023-2041,2023-06-15,Apex Horizon Distribution,Mid-Market,Latin America,Hardware & Infrastructure,NVMe SAN Storage Array,4,8200,32800,0.376,12332.8,20467.2,27298.69,-6831.49,-33.38
ORD-2023-1315,2023-06-16,Acrobat Logistics Group,Mid-Market,Latin America,Workplace & Office Solutions,Ergonomic Smart Desk Suite,5,1600,8000,0.156,1248.0,6752.0,6909.78,-157.78,-2.34
ORD-2023-2470,2023-06-16,Sterling & Cross Partners,Mid-Market,Europe,Workplace & Office Solutions,Modular Acoustic Pods,5,4200,21000,0.136,2856.0,18144.0,18193.56,-49.56,-0.27
ORD-2023-1048,2023-06-16,Global Wholesale Direct,Enterprise,Middle East & Africa,Hardware & Infrastructure,High-Density Rack Switch,17,3800,64600,0.496,32041.6,32558.4,55619.6,-23061.2,-70.83
ORD-2023-1009,2023-06-17,Synergy BioLabs,Mid-Market,Europe,Enterprise Software,CyberSecurity Platform,2,3200,6400,0.023,147.2,6252.8,1871.68,4381.12,70.07
ORD-2023-1858,2023-06-17,Global Wholesale Direct,Enterprise,Asia-Pacific,Workplace & Office Solutions,Modular Acoustic Pods,8,4200,33600,0.465,15624.0,17976.0,30993.03,-13017.03,-72.41
ORD-2023-1376,2023-06-18,Titan Energy Partners,Enterprise,Europe,Enterprise Software,Cloud ERP Suite,12,4500,54000,0.046,2484.0,51516.0,15032.39,36483.61,70.82
ORD-2023-2153,2023-06-19,Budget Office Outlet,Enterprise,Latin America,Enterprise Software,CyberSecurity Platform,7,3200,22400,0.466,10438.4,11961.6,6536.11,5425.49,45.36
ORD-2023-1021,2023-06-19,FinTech Innovations,Mid-Market,North America,Hardware & Infrastructure,High-Density Rack Switch,4,3800,15200,0.023,349.6,14850.4,13186.36,1664.04,11.21
ORD-2023-2025,2023-06-19,Cascade Industrial Works,Mid-Market,Middle East & Africa,Workplace & Office Solutions,Conference Audio Matrix,2,1100,2200,0.161,354.2,1845.8,1741.41,104.39,5.66
ORD-2023-1621,2023-06-20,Vanguard Financial Systems,Enterprise,North America,Professional Services,Cloud Migration Sprint,6,5000,30000,0.034,1020.0,28980.0,16168.69,12811.31,44.21
ORD-2023-1500,2023-06-20,Orion Consumer Goods,Enterprise,Latin America,Workplace & Office Solutions,Modular Acoustic Pods,7,4200,29400,0.131,3851.4,25548.6,26220.65,-672.05,-2.63
ORD-2023-2493,2023-06-20,Beacon Healthcare,Mid-Market,Asia-Pacific,Hardware & Infrastructure,Industrial IoT Sensor Pack,3,1200,3600,0.046,165.6,3434.4,2657.45,776.95,22.62
ORD-2023-1980,2023-06-20,Synergy BioLabs,Mid-Market,Europe,Workplace & Office Solutions,Ergonomic Smart Desk Suite,1,1600,1600,0.045,72.0,1528.0,1412.16,115.84,7.58
ORD-2023-1571,2023-06-20,Global Wholesale Direct,Mid-Market,Asia-Pacific,Enterprise Software,CyberSecurity Platform,4,3200,12800,0.366,4684.8,8115.2,3698.94,4416.26,54.42
ORD-2023-1176,2023-06-22,Vanguard Financial Systems,Enterprise,North America,Professional Services,Architecture Review & Audit,8,3500,28000,0.015,420.0,27580.0,14865.4,12714.6,46.1
ORD-2023-1232,2023-06-22,Global Wholesale Direct,Enterprise,Asia-Pacific,Professional Services,Cloud Migration Sprint,12,5000,60000,0.427,25620.0,34380.0,34456.26,-76.26,-0.22
ORD-2023-1325,2023-06-23,Cascade Industrial Works,Enterprise,Middle East & Africa,Hardware & Infrastructure,High-Density Rack Switch,7,3800,26600,0.104,2766.4,23833.6,21464.49,2369.11,9.94
ORD-2023-1682,2023-06-24,Beacon Healthcare,Enterprise,Asia-Pacific,Workplace & Office Solutions,Ergonomic Smart Desk Suite,7,1600,11200,0.043,481.6,10718.4,9224.06,1494.34,13.94
ORD-2023-2051,2023-06-24,Helios Solar Tech,Enterprise,Europe,Enterprise Software,Analytics Cloud Pro,8,2800,22400,0.13,2912.0,19488.0,5800.36,13687.64,70.24
ORD-2023-1805,2023-06-24,MegaRetail Logistics,Enterprise,North America,Enterprise Software,DevOps Automation Hub,13,1900,24700,0.45,11115.0,13585.0,7474.85,6110.15,44.98
ORD-2023-1624,2023-06-24,Global Wholesale Direct,Enterprise,Asia-Pacific,Hardware & Infrastructure,High-Density Rack Switch,12,3800,45600,0.325,14820.0,30780.0,38548.92,-7768.92,-25.24
ORD-2023-1824,2023-06-24,MegaRetail Logistics,Enterprise,North America,Professional Services,Architecture Review & Audit,16,3500,56000,0.404,22624.0,33376.0,29429.52,3946.48,11.82
ORD-2023-2374,2023-06-24,Global Wholesale Direct,Enterprise,Asia-Pacific,Professional Services,Custom Integration Toolkit,8,2500,20000,0.486,9720.0,10280.0,11489.51,-1209.51,-11.77
ORD-2023-2130,2023-06-25,Beacon Healthcare,Enterprise,Asia-Pacific,Workplace & Office Solutions,Ergonomic Smart Desk Suite,14,1600,22400,0.053,1187.2,21212.8,18187.79,3025.01,14.26
ORD-2023-1223,2023-06-26,Quantum Dynamics,Enterprise,Europe,Hardware & Infrastructure,Edge AI Gateway Server,10,6500,65000,0.093,6045.0,58955.0,48377.49,10577.51,17.94
ORD-2023-1420,2023-06-27,Pinnacle Manufacturing,Enterprise,North America,Hardware & Infrastructure,Industrial IoT Sensor Pack,6,1200,7200,0.076,547.2,6652.8,5545.95,1106.85,16.64
ORD-2023-1447,2023-06-27,Orion Consumer Goods,Enterprise,Latin America,Hardware & Infrastructure,Edge AI Gateway Server,8,6500,52000,0.365,18980.0,33020.0,37537.76,-4517.76,-13.68
ORD-2023-1565,2023-06-28,OmniCorp International,Enterprise,Europe,Professional Services,24/7 Managed SRE Support,13,4000,52000,0.344,17888.0,34112.0,31175.27,2936.73,8.61
ORD-2023-1991,2023-06-28,Sterling & Cross Partners,Mid-Market,Asia-Pacific,Professional Services,24/7 Managed SRE Support,3,4000,12000,0.125,1500.0,10500.0,7677.21,2822.79,26.88
ORD-2023-2430,2023-06-28,Horizon Media Network,Mid-Market,North America,Professional Services,Custom Integration Toolkit,2,2500,5000,0.129,645.0,4355.0,2788.08,1566.92,35.98
ORD-2023-1427,2023-06-29,MegaRetail Logistics,Enterprise,North America,Professional Services,Architecture Review & Audit,14,3500,49000,0.368,18032.0,30968.0,26344.57,4623.43,14.93
ORD-2023-2131,2023-06-29,Nexus Telecom,Enterprise,Asia-Pacific,Workplace & Office Solutions,Executive Telepresence Unit,6,2900,17400,0.144,2505.6,14894.4,15654.26,-759.86,-5.1
ORD-2023-2331,2023-06-30,Apex Horizon Distribution,Enterprise,Latin America,Professional Services,Cloud Migration Sprint,18,5000,90000,0.328,29520.0,60480.0,50324.69,10155.31,16.79
ORD-2023-2320,2023-06-30,Apex Global Tech,Enterprise,North America,Professional Services,24/7 Managed SRE Support,13,4000,52000,0.025,1300.0,50700.0,29920.91,20779.09,40.98
ORD-2023-1817,2023-06-30,Synergy BioLabs,Mid-Market,Latin America,Enterprise Software,Cloud ERP Suite,1,4500,4500,0.008,36.0,4464.0,1144.53,3319.47,74.36
ORD-2023-2157,2023-06-30,Vanguard Financial Systems,Mid-Market,North America,Professional Services,Custom Integration Toolkit,5,2500,12500,0.032,400.0,12100.0,7290.68,4809.32,39.75
ORD-2023-2078,2023-06-30,Discount Express Corp,Mid-Market,Middle East & Africa,Hardware & Infrastructure,High-Density Rack Switch,1,3800,3800,0.565,2147.0,1653.0,3311.99,-1658.99,-100.36
ORD-2023-2500,2023-06-30,Horizon Media Network,Enterprise,North America,Workplace & Office Solutions,Conference Audio Matrix,8,1100,8800,0.116,1020.8,7779.2,6979.86,799.34,10.28
ORD-2023-1053,2023-07-02,Cascade Industrial Works,Mid-Market,Middle East & Africa,Enterprise Software,Cloud ERP Suite,5,4500,22500,0.148,3330.0,19170.0,6467.17,12702.83,66.26
ORD-2023-2085,2023-07-03,Cascade Industrial Works,Enterprise,Middle East & Africa,Professional Services,Custom Integration Toolkit,8,2500,20000,0.122,2440.0,17560.0,11184.37,6375.63,36.31
ORD-2023-1710,2023-07-03,Discount Express Corp,Mid-Market,Middle East & Africa,Hardware & Infrastructure,High-Density Rack Switch,3,3800,11400,0.549,6258.6,5141.4,8897.03,-3755.63,-73.05
ORD-2023-1943,2023-07-04,Summit Capital Advisors,Mid-Market,North America,Professional Services,Architecture Review & Audit,4,3500,14000,0.016,224.0,13776.0,6976.6,6799.4,49.36
ORD-2023-1660,2023-07-04,Apex Horizon Distribution,Enterprise,Latin America,Workplace & Office Solutions,Ergonomic Smart Desk Suite,6,1600,9600,0.343,3292.8,6307.2,8226.44,-1919.24,-30.43
ORD-2023-1478,2023-07-04,Apex Horizon Distribution,Enterprise,Latin America,Hardware & Infrastructure,NVMe SAN Storage Array,17,8200,139400,0.382,53250.8,86149.2,121057.62,-34908.42,-40.52
ORD-2023-1164,2023-07-05,Apex Horizon Distribution,Mid-Market,Latin America,Professional Services,24/7 Managed SRE Support,4,4000,16000,0.398,6368.0,9632.0,9826.77,-194.77,-2.02
ORD-2023-1209,2023-07-06,Apex Global Tech,Enterprise,North America,Workplace & Office Solutions,Modular Acoustic Pods,13,4200,54600,0.069,3767.4,50832.6,44843.9,5988.7,11.78
ORD-2023-2244,2023-07-06,Horizon Media Network,Mid-Market,North America,Hardware & Infrastructure,NVMe SAN Storage Array,1,8200,8200,0.074,606.8,7593.2,6601.76,991.44,13.06
ORD-2023-1229,2023-07-06,Helios Solar Tech,Mid-Market,Europe,Workplace & Office Solutions,Conference Audio Matrix,3,1100,3300,0.149,491.7,2808.3,2465.27,343.03,12.21
ORD-2023-2031,2023-07-07,Apex Global Tech,Mid-Market,North America,Hardware & Infrastructure,NVMe SAN Storage Array,5,8200,41000,0.035,1435.0,39565.0,33176.98,6388.02,16.15
ORD-2023-2498,2023-07-07,Global Wholesale Direct,Enterprise,Asia-Pacific,Workplace & Office Solutions,Executive Telepresence Unit,15,2900,43500,0.45,19575.0,23925.0,37729.11,-13804.11,-57.7
ORD-2023-1748,2023-07-07,Apex Horizon Distribution,Enterprise,Latin America,Professional Services,24/7 Managed SRE Support,10,4000,40000,0.369,14760.0,25240.0,24875.36,364.64,1.44
ORD-2023-1499,2023-07-07,Orion Consumer Goods,Enterprise,Latin America,Enterprise Software,Analytics Cloud Pro,6,2800,16800,0.131,2200.8,14599.2,4208.54,10390.66,71.17
ORD-2023-1620,2023-07-08,Pinnacle Manufacturing,Mid-Market,Middle East & Africa,Workplace & Office Solutions,Modular Acoustic Pods,3,4200,12600,0.137,1726.2,10873.8,10435.56,438.24,4.03
ORD-2023-1788,2023-07-08,MegaRetail Logistics,Enterprise,North America,Hardware & Infrastructure,Edge AI Gateway Server,15,6500,97500,0.346,33735.0,63765.0,72770.7,-9005.7,-14.12
ORD-2023-1650,2023-07-09,Global Wholesale Direct,Enterprise,Asia-Pacific,Enterprise Software,DevOps Automation Hub,15,1900,28500,0.479,13651.5,14848.5,9275.09,5573.41,37.54
ORD-2023-1092,2023-07-09,Nexus Telecom,Mid-Market,Asia-Pacific,Hardware & Infrastructure,NVMe SAN Storage Array,2,8200,16400,0.099,1623.6,14776.4,14435.06,341.34,2.31
ORD-2023-1266,2023-07-10,Pinnacle Manufacturing,Enterprise,Europe,Enterprise Software,DevOps Automation Hub,8,1900,15200,0.144,2188.8,13011.2,5160.37,7850.83,60.34
ORD-2023-1269,2023-07-10,OmniCorp International,Enterprise,Europe,Workplace & Office Solutions,Conference Audio Matrix,15,1100,16500,0.282,4653.0,11847.0,12671.26,-824.26,-6.96
ORD-2023-1568,2023-07-11,MegaRetail Logistics,Enterprise,North America,Professional Services,Architecture Review & Audit,6,3500,21000,0.328,6888.0,14112.0,11105.24,3006.76,21.31
ORD-2023-1978,2023-07-12,Apex Global Tech,Mid-Market,North America,Hardware & Infrastructure,Edge AI Gateway Server,3,6500,19500,0.072,1404.0,18096.0,14071.68,4024.32,22.24
ORD-2023-1421,2023-07-12,Sterling & Cross Partners,Mid-Market,Asia-Pacific,Enterprise Software,Analytics Cloud Pro,3,2800,8400,0.125,1050.0,7350.0,2216.24,5133.76,69.85
ORD-2023-1182,2023-07-12,Quantum Dynamics,Enterprise,Europe,Enterprise Software,DevOps Automation Hub,12,1900,22800,0.053,1208.4,21591.6,7285.19,14306.41,66.26
ORD-2023-2082,2023-07-13,Quantum Dynamics,Mid-Market,Europe,Workplace & Office Solutions,Executive Telepresence Unit,3,2900,8700,0.09,783.0,7917.0,7263.59,653.41,8.25
ORD-2023-2081,2023-07-14,Sterling & Cross Partners,Mid-Market,North America,Enterprise Software,CyberSecurity Platform,3,3200,9600,0.067,643.2,8956.8,2847.62,6109.18,68.21
ORD-2023-1135,2023-07-14,Cascade Industrial Works,Mid-Market,Asia-Pacific,Hardware & Infrastructure,NVMe SAN Storage Array,4,8200,32800,0.152,4985.6,27814.4,28651.82,-837.42,-3.01
ORD-2023-2179,2023-07-14,Pinnacle Manufacturing,Mid-Market,North America,Enterprise Software,Analytics Cloud Pro,1,2800,2800,0.136,380.8,2419.2,754.17,1665.03,68.83
ORD-2023-1979,2023-07-15,Global Wholesale Direct,Enterprise,Asia-Pacific,Hardware & Infrastructure,Industrial IoT Sensor Pack,17,1200,20400,0.335,6834.0,13566.0,16065.98,-2499.98,-18.43
ORD-2023-1798,2023-07-15,Apex Horizon Distribution,Enterprise,Latin America,Enterprise Software,DevOps Automation Hub,14,1900,26600,0.301,8006.6,18593.4,8405.99,10187.41,54.79
ORD-2023-2372,2023-07-15,Vanguard Financial Systems,Mid-Market,Latin America,Hardware & Infrastructure,High-Density Rack Switch,4,3800,15200,0.053,805.6,14394.4,13095.63,1298.77,9.02
ORD-2023-1698,2023-07-17,Apex Horizon Distribution,Enterprise,Latin America,Workplace & Office Solutions,Executive Telepresence Unit,6,2900,17400,0.288,5011.2,12388.8,14745.81,-2357.01,-19.03
ORD-2023-2249,2023-07-17,Zenith Biopharma,Mid-Market,Asia-Pacific,Enterprise Software,Cloud ERP Suite,4,4500,18000,0.099,1782.0,16218.0,5137.51,11080.49,68.32
ORD-2023-1063,2023-07-19,Acrobat Logistics Group,Enterprise,Middle East & Africa,Enterprise Software,DevOps Automation Hub,7,1900,13300,0.172,2287.6,11012.4,4199.65,6812.75,61.86
ORD-2023-1594,2023-07-19,OmniCorp International,Enterprise,Europe,Professional Services,24/7 Managed SRE Support,7,4000,28000,0.357,9996.0,18004.0,16842.24,1161.76,6.45
ORD-2023-2487,2023-07-19,MegaRetail Logistics,Enterprise,North America,Workplace & Office Solutions,Conference Audio Matrix,8,1100,8800,0.45,3960.0,4840.0,6719.07,-1879.07,-38.82
ORD-2023-1556,2023-07-21,MegaRetail Logistics,Enterprise,North America,Professional Services,Architecture Review & Audit,18,3500,63000,0.347,21861.0,41139.0,34513.25,6625.75,16.11
ORD-2023-1529,2023-07-21,Apex Global Tech,Enterprise,Latin America,Hardware & Infrastructure,NVMe SAN Storage Array,12,8200,98400,0.067,6592.8,91807.2,81826.53,9980.67,10.87
ORD-2023-2228,2023-07-22,Titan Energy Partners,Enterprise,Middle East & Africa,Enterprise Software,DevOps Automation Hub,10,1900,19000,0.025,475.0,18525.0,6101.17,12423.83,67.07
ORD-2023-1674,2023-07-22,Global Wholesale Direct,Enterprise,Asia-Pacific,Hardware & Infrastructure,High-Density Rack Switch,11,3800,41800,0.408,17054.4,24745.6,35286.42,-10540.82,-42.6
ORD-2023-2006,2023-07-22,Starlight Media,Enterprise,Latin America,Workplace & Office Solutions,Conference Audio Matrix,7,1100,7700,0.526,4050.2,3649.8,5717.69,-2067.89,-56.66
ORD-2023-1890,2023-07-23,Beacon Healthcare,Enterprise,Asia-Pacific,Hardware & Infrastructure,Edge AI Gateway Server,8,6500,52000,0.057,2964.0,49036.0,39450.04,9585.96,19.55
ORD-2023-1062,2023-07-23,Titan Energy Partners,Enterprise,Middle East & Africa,Hardware & Infrastructure,NVMe SAN Storage Array,6,8200,49200,0.029,1426.8,47773.2,39578.72,8194.48,17.15
ORD-2023-2233,2023-07-23,Beacon Healthcare,Enterprise,Asia-Pacific,Enterprise Software,CyberSecurity Platform,13,3200,41600,0.087,3619.2,37980.8,13273.3,24707.5,65.05
ORD-2023-2324,2023-07-23,Beacon Healthcare,Enterprise,Middle East & Africa,Workplace & Office Solutions,Ergonomic Smart Desk Suite,11,1600,17600,0.044,774.4,16825.6,15397.0,1428.6,8.49
ORD-2023-1264,2023-07-24,Global Wholesale Direct,Enterprise,Latin America,Workplace & Office Solutions,Modular Acoustic Pods,14,4200,58800,0.456,26812.8,31987.2,49762.03,-17774.83,-55.57
ORD-2023-1492,2023-07-24,FinTech Innovations,Mid-Market,North America,Enterprise Software,DevOps Automation Hub,2,1900,3800,0.049,186.2,3613.8,1269.71,2344.09,64.86
ORD-2023-1601,2023-07-24,Vanguard Financial Systems,Enterprise,North America,Hardware & Infrastructure,Industrial IoT Sensor Pack,14,1200,16800,0.024,403.2,16396.8,12366.49,4030.31,24.58
ORD-2023-1195,2023-07-24,OmniCorp International,Enterprise,Europe,Workplace & Office Solutions,Executive Telepresence Unit,17,2900,49300,0.416,20508.8,28791.2,40316.86,-11525.66,-40.03
ORD-2023-2124,2023-07-24,Acrobat Logistics Group,Mid-Market,Latin America,Hardware & Infrastructure,NVMe SAN Storage Array,4,8200,32800,0.109,3575.2,29224.8,29769.57,-544.77,-1.86
ORD-2023-2241,2023-07-24,Horizon Media Network,Mid-Market,North America,Hardware & Infrastructure,Industrial IoT Sensor Pack,1,1200,1200,0.078,93.6,1106.4,860.96,245.44,22.18
ORD-2023-1861,2023-07-24,Sterling & Cross Partners,Mid-Market,Latin America,Hardware & Infrastructure,Industrial IoT Sensor Pack,3,1200,3600,0.067,241.2,3358.8,2759.41,599.39,17.85
ORD-2023-2070,2023-07-25,Titan Energy Partners,Enterprise,North America,Workplace & Office Solutions,Conference Audio Matrix,6,1100,6600,0.058,382.8,6217.2,4978.44,1238.76,19.92
ORD-2023-1791,2023-07-25,Vanguard Financial Systems,Enterprise,Europe,Workplace & Office Solutions,Ergonomic Smart Desk Suite,10,1600,16000,0.047,752.0,15248.0,13138.17,2109.83,13.84
ORD-2023-2421,2023-07-25,Titan Energy Partners,Enterprise,Middle East & Africa,Professional Services,Cloud Migration Sprint,10,5000,50000,0.027,1350.0,48650.0,26600.13,22049.87,45.32
ORD-2023-1423,2023-07-26,Quantum Dynamics,Enterprise,Europe,Workplace & Office Solutions,Ergonomic Smart Desk Suite,8,1600,12800,0.086,1100.8,11699.2,10738.43,960.77,8.21
ORD-2023-1210,2023-07-26,Vanguard Financial Systems,Enterprise,North America,Workplace & Office Solutions,Ergonomic Smart Desk Suite,7,1600,11200,0.013,145.6,11054.4,9222.55,1831.85,16.57
ORD-2023-2298,2023-07-26,Quantum Dynamics,Enterprise,Europe,Enterprise Software,Analytics Cloud Pro,6,2800,16800,0.075,1260.0,15540.0,4007.67,11532.33,74.21
ORD-2023-1919,2023-07-26,Pinnacle Manufacturing,Mid-Market,North America,Workplace & Office Solutions,Modular Acoustic Pods,1,4200,4200,0.074,310.8,3889.2,3483.85,405.35,10.42
ORD-2023-2250,2023-07-26,FinTech Innovations,Mid-Market,North America,Professional Services,24/7 Managed SRE Support,4,4000,16000,0.037,592.0,15408.0,9311.78,6096.22,39.57
ORD-2023-1806,2023-07-27,Nexus Telecom,Mid-Market,North America,Workplace & Office Solutions,Executive Telepresence Unit,2,2900,5800,0.123,713.4,5086.6,5171.94,-85.34,-1.68
ORD-2023-1822,2023-07-27,Apex Global Tech,Enterprise,North America,Hardware & Infrastructure,NVMe SAN Storage Array,7,8200,57400,0.04,2296.0,55104.0,46086.52,9017.48,16.36
ORD-2023-1369,2023-07-27,Vanguard Financial Systems,Enterprise,North America,Workplace & Office Solutions,Ergonomic Smart Desk Suite,9,1600,14400,0.07,1008.0,13392.0,12978.91,413.09,3.08
ORD-2023-1699,2023-07-27,Vanguard Financial Systems,Enterprise,Asia-Pacific,Workplace & Office Solutions,Executive Telepresence Unit,14,2900,40600,0.055,2233.0,38367.0,32879.9,5487.1,14.3
ORD-2023-2108,2023-07-27,Pinnacle Manufacturing,Mid-Market,North America,Workplace & Office Solutions,Executive Telepresence Unit,5,2900,14500,0.105,1522.5,12977.5,12728.1,249.4,1.92
ORD-2023-1575,2023-07-27,Horizon Media Network,Mid-Market,North America,Hardware & Infrastructure,Edge AI Gateway Server,1,6500,6500,0.117,760.5,5739.5,5127.43,612.07,10.66
ORD-2023-1941,2023-07-28,Titan Energy Partners,Enterprise,Middle East & Africa,Workplace & Office Solutions,Ergonomic Smart Desk Suite,6,1600,9600,0.031,297.6,9302.4,8602.62,699.78,7.52
ORD-2023-2390,2023-07-28,MegaRetail Logistics,Enterprise,North America,Workplace & Office Solutions,Executive Telepresence Unit,6,2900,17400,0.363,6316.2,11083.8,14515.35,-3431.55,-30.96
ORD-2023-2102,2023-07-29,Orion Consumer Goods,Enterprise,Latin America,Professional Services,Custom Integration Toolkit,7,2500,17500,0.215,3762.5,13737.5,9391.17,4346.33,31.64
ORD-2023-2422,2023-07-29,Global Wholesale Direct,Enterprise,Asia-Pacific,Enterprise Software,Cloud ERP Suite,7,4500,31500,0.339,10678.5,20821.5,8006.92,12814.58,61.54
ORD-2023-1879,2023-07-30,Apex Global Tech,Enterprise,North America,Enterprise Software,Cloud ERP Suite,12,4500,54000,0.055,2970.0,51030.0,14054.45,36975.55,72.46
ORD-2023-1563,2023-07-31,Vanguard Financial Systems,Mid-Market,North America,Professional Services,Architecture Review & Audit,3,3500,10500,0.041,430.5,10069.5,5685.61,4383.89,43.54
ORD-2023-2107,2023-07-31,MegaRetail Logistics,Enterprise,North America,Workplace & Office Solutions,Ergonomic Smart Desk Suite,10,1600,16000,0.323,5168.0,10832.0,13185.96,-2353.96,-21.73
ORD-2023-2442,2023-08-01,Quantum Dynamics,Enterprise,Europe,Hardware & Infrastructure,Industrial IoT Sensor Pack,6,1200,7200,0.07,504.0,6696.0,5462.56,1233.44,18.42
ORD-2023-1406,2023-08-01,Helios Solar Tech,Enterprise,Europe,Workplace & Office Solutions,Ergonomic Smart Desk Suite,6,1600,9600,0.121,1161.6,8438.4,8182.9,255.5,3.03
ORD-2023-1149,2023-08-01,Apex Global Tech,Enterprise,Middle East & Africa,Hardware & Infrastructure,Edge AI Gateway Server,11,6500,71500,0.055,3932.5,67567.5,55740.8,11826.7,17.5
ORD-2023-1963,2023-08-02,Beacon Healthcare,Mid-Market,Asia-Pacific,Workplace & Office Solutions,Ergonomic Smart Desk Suite,3,1600,4800,0.048,230.4,4569.6,4257.9,311.7,6.82
ORD-2023-2050,2023-08-03,Apex Global Tech,Enterprise,North America,Professional Services,Custom Integration Toolkit,14,2500,35000,0.02,700.0,34300.0,21127.9,13172.1,38.4
ORD-2023-2319,2023-08-05,Quantum Dynamics,Mid-Market,Europe,Workplace & Office Solutions,Executive Telepresence Unit,3,2900,8700,0.091,791.7,7908.3,7892.75,15.55,0.2
ORD-2023-2158,2023-08-06,Helios Solar Tech,Enterprise,Europe,Hardware & Infrastructure,Edge AI Gateway Server,8,6500,52000,0.097,5044.0,46956.0,36774.44,10181.56,21.68
ORD-2023-2007,2023-08-07,Budget Office Outlet,Mid-Market,Europe,Workplace & Office Solutions,Executive Telepresence Unit,5,2900,14500,0.319,4625.5,9874.5,12516.22,-2641.72,-26.75
ORD-2023-1031,2023-08-07,FinTech Innovations,Mid-Market,Europe,Workplace & Office Solutions,Modular Acoustic Pods,4,4200,16800,0.053,890.4,15909.6,15369.37,540.23,3.4
ORD-2023-1372,2023-08-07,Apex Global Tech,Mid-Market,North America,Enterprise Software,Cloud ERP Suite,3,4500,13500,0.049,661.5,12838.5,3482.1,9356.4,72.88
ORD-2023-1539,2023-08-07,MegaRetail Logistics,Enterprise,Middle East & Africa,Enterprise Software,Cloud ERP Suite,7,4500,31500,0.456,14364.0,17136.0,8443.24,8692.76,50.73
ORD-2023-1662,2023-08-08,Orion Consumer Goods,Mid-Market,Latin America,Workplace & Office Solutions,Conference Audio Matrix,4,1100,4400,0.158,695.2,3704.8,3473.21,231.59,6.25
ORD-2023-1463,2023-08-08,Pinnacle Manufacturing,Mid-Market,North America,Workplace & Office Solutions,Ergonomic Smart Desk Suite,3,1600,4800,0.137,657.6,4142.4,4188.35,-45.95,-1.11
ORD-2023-1345,2023-08-08,MegaRetail Logistics,Mid-Market,Latin America,Workplace & Office Solutions,Modular Acoustic Pods,4,4200,16800,0.337,5661.6,11138.4,15088.35,-3949.95,-35.46
ORD-2023-2361,2023-08-09,Zenith Biopharma,Mid-Market,Asia-Pacific,Professional Services,Architecture Review & Audit,2,3500,7000,0.096,672.0,6328.0,3594.08,2733.92,43.2
ORD-2023-1157,2023-08-09,Discount Express Corp,Mid-Market,Middle East & Africa,Workplace & Office Solutions,Ergonomic Smart Desk Suite,2,1600,3200,0.475,1520.0,1680.0,2876.72,-1196.72,-71.23
ORD-2023-1572,2023-08-10,Sterling & Cross Partners,Mid-Market,Middle East & Africa,Enterprise Software,Analytics Cloud Pro,2,2800,5600,0.09,504.0,5096.0,1510.69,3585.31,70.36
ORD-2023-2204,2023-08-10,Titan Energy Partners,Enterprise,Middle East & Africa,Hardware & Infrastructure,High-Density Rack Switch,12,3800,45600,0.056,2553.6,43046.4,36681.49,6364.91,14.79
ORD-2023-1825,2023-08-10,Apex Horizon Distribution,Enterprise,Latin America,Workplace & Office Solutions,Modular Acoustic Pods,17,4200,71400,0.351,25061.4,46338.6,64799.08,-18460.48,-39.84
ORD-2023-2114,2023-08-11,Apex Horizon Distribution,Enterprise,Latin America,Professional Services,Cloud Migration Sprint,15,5000,75000,0.404,30300.0,44700.0,42145.58,2554.42,5.71
ORD-2023-1296,2023-08-11,Global Wholesale Direct,Enterprise,Asia-Pacific,Enterprise Software,CyberSecurity Platform,16,3200,51200,0.406,20787.2,30412.8,16158.08,14254.72,46.87
ORD-2023-1756,2023-08-11,Sterling & Cross Partners,Mid-Market,Asia-Pacific,Workplace & Office Solutions,Ergonomic Smart Desk Suite,2,1600,3200,0.124,396.8,2803.2,2876.43,-73.23,-2.61
ORD-2023-1377,2023-08-11,Horizon Media Network,Enterprise,North America,Hardware & Infrastructure,Industrial IoT Sensor Pack,8,1200,9600,0.078,748.8,8851.2,6934.04,1917.16,21.66
ORD-2023-1924,2023-08-12,Sterling & Cross Partners,Enterprise,Asia-Pacific,Workplace & Office Solutions,Executive Telepresence Unit,7,2900,20300,0.063,1278.9,19021.1,16683.01,2338.09,12.29
ORD-2023-1305,2023-08-12,Nexus Telecom,Mid-Market,Europe,Enterprise Software,CyberSecurity Platform,1,3200,3200,0.131,419.2,2780.8,948.59,1832.21,65.89
ORD-2023-1356,2023-08-12,Summit Capital Advisors,Mid-Market,North America,Professional Services,Cloud Migration Sprint,4,5000,20000,0.04,800.0,19200.0,10789.12,8410.88,43.81
ORD-2023-2327,2023-08-12,Vanguard Financial Systems,Mid-Market,Europe,Workplace & Office Solutions,Ergonomic Smart Desk Suite,3,1600,4800,0.055,264.0,4536.0,3946.3,589.7,13.0
ORD-2023-1072,2023-08-14,Beacon Healthcare,Enterprise,Asia-Pacific,Workplace & Office Solutions,Modular Acoustic Pods,11,4200,46200,0.064,2956.8,43243.2,39025.07,4218.13,9.75
ORD-2023-1169,2023-08-14,Apex Global Tech,Mid-Market,North America,Workplace & Office Solutions,Conference Audio Matrix,3,1100,3300,0.044,145.2,3154.8,2621.18,533.62,16.91
ORD-2023-1820,2023-08-14,OmniCorp International,Enterprise,Europe,Hardware & Infrastructure,Industrial IoT Sensor Pack,18,1200,21600,0.293,6328.8,15271.2,16622.2,-1351.0,-8.85
ORD-2023-1534,2023-08-15,Apex Horizon Distribution,Enterprise,Latin America,Workplace & Office Solutions,Ergonomic Smart Desk Suite,9,1600,14400,0.4,5760.0,8640.0,12590.24,-3950.24,-45.72
ORD-2023-1655,2023-08-15,MegaRetail Logistics,Enterprise,North America,Professional Services,Cloud Migration Sprint,9,5000,45000,0.409,18405.0,26595.0,24172.18,2422.82,9.11
ORD-2023-1872,2023-08-15,Titan Energy Partners,Enterprise,Middle East & Africa,Hardware & Infrastructure,High-Density Rack Switch,11,3800,41800,0.07,2926.0,38874.0,35919.71,2954.29,7.6
ORD-2023-2049,2023-08-15,Helios Solar Tech,Mid-Market,Europe,Hardware & Infrastructure,Edge AI Gateway Server,5,6500,32500,0.101,3282.5,29217.5,24340.68,4876.82,16.69
ORD-2023-2138,2023-08-16,Global Wholesale Direct,Enterprise,Asia-Pacific,Enterprise Software,CyberSecurity Platform,16,3200,51200,0.429,21964.8,29235.2,15193.82,14041.38,48.03
ORD-2023-2180,2023-08-16,Apex Horizon Distribution,Enterprise,Latin America,Professional Services,Architecture Review & Audit,12,3500,42000,0.268,11256.0,30744.0,20545.8,10198.2,33.17
ORD-2023-1410,2023-08-16,Quantum Dynamics,Mid-Market,Europe,Enterprise Software,Cloud ERP Suite,3,4500,13500,0.039,526.5,12973.5,3805.48,9168.02,70.67
ORD-2023-1051,2023-08-17,Orion Consumer Goods,Mid-Market,Latin America,Professional Services,24/7 Managed SRE Support,4,4000,16000,0.122,1952.0,14048.0,9361.03,4686.97,33.36
ORD-2023-2420,2023-08-17,Zenith Biopharma,Mid-Market,Asia-Pacific,Hardware & Infrastructure,Industrial IoT Sensor Pack,3,1200,3600,0.113,406.8,3193.2,2789.52,403.68,12.64
ORD-2023-1001,2023-08-17,OmniCorp International,Enterprise,Europe,Enterprise Software,Analytics Cloud Pro,7,2800,19600,0.304,5958.4,13641.6,4720.29,8921.31,65.4
ORD-2023-1566,2023-08-17,Apex Horizon Distribution,Enterprise,Latin America,Enterprise Software,Analytics Cloud Pro,10,2800,28000,0.338,9464.0,18536.0,6971.14,11564.86,62.39
ORD-2023-1559,2023-08-17,Pinnacle Manufacturing,Enterprise,North America,Hardware & Infrastructure,NVMe SAN Storage Array,7,8200,57400,0.14,8036.0,49364.0,49587.1,-223.1,-0.45
ORD-2023-2257,2023-08-18,Beacon Healthcare,Mid-Market,Asia-Pacific,Professional Services,Cloud Migration Sprint,5,5000,25000,0.042,1050.0,23950.0,13733.55,10216.45,42.66
ORD-2023-2485,2023-08-18,Titan Energy Partners,Mid-Market,Middle East & Africa,Workplace & Office Solutions,Ergonomic Smart Desk Suite,4,1600,6400,0.054,345.6,6054.4,5830.46,223.94,3.7
ORD-2023-1199,2023-08-18,Helios Solar Tech,Enterprise,Europe,Workplace & Office Solutions,Ergonomic Smart Desk Suite,6,1600,9600,0.083,796.8,8803.2,8675.16,128.04,1.45
ORD-2023-2273,2023-08-18,Sterling & Cross Partners,Mid-Market,Europe,Workplace & Office Solutions,Executive Telepresence Unit,1,2900,2900,0.052,150.8,2749.2,2463.54,285.66,10.39
ORD-2023-1103,2023-08-19,Titan Energy Partners,Mid-Market,Middle East & Africa,Hardware & Infrastructure,Industrial IoT Sensor Pack,4,1200,4800,0.059,283.2,4516.8,3845.14,671.66,14.87
ORD-2023-2100,2023-08-19,OmniCorp International,Enterprise,North America,Workplace & Office Solutions,Conference Audio Matrix,9,1100,9900,0.351,3474.9,6425.1,7949.49,-1524.39,-23.73
ORD-2023-1023,2023-08-19,Titan Energy Partners,Enterprise,Middle East & Africa,Workplace & Office Solutions,Ergonomic Smart Desk Suite,6,1600,9600,0.024,230.4,9369.6,7717.15,1652.45,17.64
ORD-2023-2293,2023-08-21,Apex Horizon Distribution,Enterprise,Middle East & Africa,Professional Services,24/7 Managed SRE Support,15,4000,60000,0.322,19320.0,40680.0,34933.83,5746.17,14.13
ORD-2023-2395,2023-08-22,OmniCorp International,Enterprise,Europe,Enterprise Software,Analytics Cloud Pro,17,2800,47600,0.369,17564.4,30035.6,11563.82,18471.78,61.5
ORD-2023-2478,2023-08-22,Pinnacle Manufacturing,Mid-Market,North America,Workplace & Office Solutions,Conference Audio Matrix,1,1100,1100,0.065,71.5,1028.5,886.46,142.04,13.81
ORD-2023-1007,2023-08-22,Apex Global Tech,Mid-Market,Middle East & Africa,Hardware & Infrastructure,Edge AI Gateway Server,3,6500,19500,0.066,1287.0,18213.0,15524.33,2688.67,14.76
ORD-2023-1374,2023-08-23,Discount Express Corp,Mid-Market,Middle East & Africa,Hardware & Infrastructure,Industrial IoT Sensor Pack,2,1200,2400,0.464,1113.6,1286.4,1881.0,-594.6,-46.22
ORD-2023-2137,2023-08-23,Horizon Media Network,Mid-Market,North America,Workplace & Office Solutions,Conference Audio Matrix,1,1100,1100,0.146,160.6,939.4,844.11,95.29,10.14
ORD-2023-1938,2023-08-23,Zenith Biopharma,Mid-Market,Middle East & Africa,Hardware & Infrastructure,Edge AI Gateway Server,1,6500,6500,0.113,734.5,5765.5,5167.86,597.64,10.37
ORD-2023-1010,2023-08-23,Nexus Telecom,Mid-Market,Middle East & Africa,Hardware & Infrastructure,NVMe SAN Storage Array,1,8200,8200,0.162,1328.4,6871.6,7277.13,-405.53,-5.9
ORD-2023-1285,2023-08-24,Apex Horizon Distribution,Enterprise,Latin America,Workplace & Office Solutions,Modular Acoustic Pods,17,4200,71400,0.292,20848.8,50551.2,60894.05,-10342.85,-20.46
ORD-2023-1585,2023-08-24,Precision Robotics Ltd,Mid-Market,Asia-Pacific,Workplace & Office Solutions,Executive Telepresence Unit,1,2900,2900,0.042,121.8,2778.2,2550.23,227.97,8.21
ORD-2023-2463,2023-08-25,Quantum Dynamics,Enterprise,Europe,Hardware & Infrastructure,High-Density Rack Switch,11,3800,41800,0.051,2131.8,39668.2,34846.3,4821.9,12.16
ORD-2023-1696,2023-08-25,FinTech Innovations,Mid-Market,Middle East & Africa,Professional Services,Architecture Review & Audit,2,3500,7000,0.044,308.0,6692.0,3588.13,3103.87,46.38
ORD-2023-1658,2023-08-25,OmniCorp International,Mid-Market,Europe,Hardware & Infrastructure,Edge AI Gateway Server,5,6500,32500,0.37,12025.0,20475.0,23391.12,-2916.12,-14.24
ORD-2023-2097,2023-08-28,Beacon Healthcare,Enterprise,Europe,Hardware & Infrastructure,High-Density Rack Switch,10,3800,38000,0.066,2508.0,35492.0,32617.48,2874.52,8.1
ORD-2023-1288,2023-08-28,Apex Horizon Distribution,Enterprise,Europe,Enterprise Software,DevOps Automation Hub,11,1900,20900,0.342,7147.8,13752.2,6917.26,6834.94,49.7
ORD-2023-1678,2023-08-28,MegaRetail Logistics,Mid-Market,North America,Hardware & Infrastructure,Industrial IoT Sensor Pack,4,1200,4800,0.336,1612.8,3187.2,3594.95,-407.75,-12.79
ORD-2023-1508,2023-08-29,Acrobat Logistics Group,Enterprise,Latin America,Hardware & Infrastructure,Industrial IoT Sensor Pack,7,1200,8400,0.108,907.2,7492.8,6454.32,1038.48,13.86
ORD-2023-1753,2023-08-30,Precision Robotics Ltd,Mid-Market,Asia-Pacific,Workplace & Office Solutions,Modular Acoustic Pods,3,4200,12600,0.029,365.4,12234.6,11200.13,1034.47,8.46
ORD-2023-2449,2023-08-30,Cascade Industrial Works,Mid-Market,Middle East & Africa,Hardware & Infrastructure,NVMe SAN Storage Array,1,8200,8200,0.139,1139.8,7060.2,7277.68,-217.48,-3.08
ORD-2023-2236,2023-08-31,OmniCorp International,Enterprise,Europe,Professional Services,Cloud Migration Sprint,16,5000,80000,0.289,23120.0,56880.0,47392.96,9487.04,16.68
ORD-2023-2034,2023-08-31,Quantum Dynamics,Enterprise,North America,Enterprise Software,CyberSecurity Platform,6,3200,19200,0.065,1248.0,17952.0,5972.52,11979.48,66.73
ORD-2023-1438,2023-09-01,Acrobat Logistics Group,Mid-Market,Latin America,Professional Services,24/7 Managed SRE Support,5,4000,20000,0.11,2200.0,17800.0,12012.93,5787.07,32.51
ORD-2023-1733,2023-09-01,Starlight Media,Enterprise,Latin America,Workplace & Office Solutions,Ergonomic Smart Desk Suite,8,1600,12800,0.424,5427.2,7372.8,11424.56,-4051.76,-54.96
ORD-2023-1202,2023-09-01,Quantum Dynamics,Enterprise,Europe,Workplace & Office Solutions,Ergonomic Smart Desk Suite,7,1600,11200,0.051,571.2,10628.8,9036.16,1592.64,14.98
ORD-2023-1120,2023-09-02,Apex Horizon Distribution,Enterprise,Latin America,Professional Services,Architecture Review & Audit,15,3500,52500,0.347,18217.5,34282.5,26469.8,7812.7,22.79
ORD-2023-2218,2023-09-03,Discount Express Corp,Mid-Market,Middle East & Africa,Enterprise Software,Cloud ERP Suite,2,4500,9000,0.588,5292.0,3708.0,2331.52,1376.48,37.12
ORD-2023-1114,2023-09-03,Acrobat Logistics Group,Mid-Market,Latin America,Workplace & Office Solutions,Ergonomic Smart Desk Suite,1,1600,1600,0.171,273.6,1326.4,1337.04,-10.64,-0.8
ORD-2023-2383,2023-09-04,Orion Consumer Goods,Mid-Market,Latin America,Workplace & Office Solutions,Ergonomic Smart Desk Suite,2,1600,3200,0.122,390.4,2809.6,2726.76,82.84,2.95
ORD-2023-1238,2023-09-05,Apex Global Tech,Enterprise,Europe,Professional Services,Cloud Migration Sprint,8,5000,40000,0.048,1920.0,38080.0,22058.88,16021.12,42.07
ORD-2023-2446,2023-09-05,Vanguard Financial Systems,Enterprise,Europe,Professional Services,Cloud Migration Sprint,11,5000,55000,0.061,3355.0,51645.0,32990.96,18654.04,36.12
ORD-2023-1783,2023-09-05,Beacon Healthcare,Enterprise,Asia-Pacific,Workplace & Office Solutions,Modular Acoustic Pods,13,4200,54600,0.077,4204.2,50395.8,48041.8,2354.0,4.67
ORD-2023-1679,2023-09-06,Orion Consumer Goods,Mid-Market,Latin America,Enterprise Software,Cloud ERP Suite,1,4500,4500,0.215,967.5,3532.5,1284.57,2247.93,63.64
ORD-2023-1809,2023-09-07,MegaRetail Logistics,Enterprise,North America,Professional Services,Architecture Review & Audit,11,3500,38500,0.467,17979.5,20520.5,18914.76,1605.74,7.83
ORD-2023-1235,2023-09-08,Vanguard Financial Systems,Enterprise,Middle East & Africa,Professional Services,24/7 Managed SRE Support,10,4000,40000,0.058,2320.0,37680.0,24937.17,12742.83,33.82
ORD-2023-2312,2023-09-08,Helios Solar Tech,Mid-Market,Europe,Professional Services,Cloud Migration Sprint,1,5000,5000,0.143,715.0,4285.0,2864.13,1420.87,33.16
ORD-2023-2038,2023-09-09,Nexus Telecom,Mid-Market,Asia-Pacific,Hardware & Infrastructure,NVMe SAN Storage Array,3,8200,24600,0.134,3296.4,21303.6,20805.32,498.28,2.34
ORD-2023-2028,2023-09-09,Horizon Media Network,Mid-Market,Europe,Enterprise Software,Analytics Cloud Pro,4,2800,11200,0.145,1624.0,9576.0,2965.37,6610.63,69.03
ORD-2023-1999,2023-09-09,Cascade Industrial Works,Enterprise,Middle East & Africa,Professional Services,Custom Integration Toolkit,6,2500,15000,0.105,1575.0,13425.0,8802.83,4622.17,34.43
ORD-2023-2043,2023-09-09,Titan Energy Partners,Enterprise,Asia-Pacific,Professional Services,Custom Integration Toolkit,7,2500,17500,0.06,1050.0,16450.0,9719.77,6730.23,40.91
ORD-2023-2282,2023-09-09,Budget Office Outlet,Mid-Market,Europe,Workplace & Office Solutions,Conference Audio Matrix,3,1100,3300,0.377,1244.1,2055.9,2604.61,-548.71,-26.69
ORD-2023-1012,2023-09-10,Orion Consumer Goods,Mid-Market,Latin America,Hardware & Infrastructure,NVMe SAN Storage Array,3,8200,24600,0.194,4772.4,19827.6,21675.21,-1847.61,-9.32
ORD-2023-1926,2023-09-10,Apex Global Tech,Enterprise,Asia-Pacific,Workplace & Office Solutions,Modular Acoustic Pods,13,4200,54600,0.078,4258.8,50341.2,49810.47,530.73,1.05
ORD-2023-1257,2023-09-10,Cascade Industrial Works,Mid-Market,Middle East & Africa,Professional Services,Custom Integration Toolkit,4,2500,10000,0.118,1180.0,8820.0,5537.31,3282.69,37.22
ORD-2023-2208,2023-09-11,MegaRetail Logistics,Mid-Market,North America,Workplace & Office Solutions,Modular Acoustic Pods,4,4200,16800,0.314,5275.2,11524.8,13913.29,-2388.49,-20.72
ORD-2023-1686,2023-09-11,Apex Horizon Distribution,Mid-Market,Latin America,Workplace & Office Solutions,Ergonomic Smart Desk Suite,4,1600,6400,0.407,2604.8,3795.2,5344.06,-1548.86,-40.81
ORD-2023-1419,2023-09-11,Discount Express Corp,Mid-Market,Middle East & Africa,Hardware & Infrastructure,High-Density Rack Switch,2,3800,7600,0.525,3990.0,3610.0,6104.82,-2494.82,-69.11
ORD-2023-1944,2023-09-12,Acrobat Logistics Group,Enterprise,Latin America,Professional Services,Architecture Review & Audit,8,3500,28000,0.137,3836.0,24164.0,14960.95,9203.05,38.09
ORD-2023-1644,2023-09-12,Titan Energy Partners,Mid-Market,Middle East & Africa,Hardware & Infrastructure,NVMe SAN Storage Array,4,8200,32800,0.029,951.2,31848.8,26547.95,5300.85,16.64
ORD-2023-1394,2023-09-12,Sterling & Cross Partners,Enterprise,Europe,Workplace & Office Solutions,Executive Telepresence Unit,6,2900,17400,0.087,1513.8,15886.2,15341.47,544.73,3.43
ORD-2023-1638,2023-09-12,Beacon Healthcare,Enterprise,Latin America,Enterprise Software,Cloud ERP Suite,14,4500,63000,0.059,3717.0,59283.0,18089.34,41193.66,69.49
ORD-2023-1065,2023-09-13,Titan Energy Partners,Enterprise,Middle East & Africa,Workplace & Office Solutions,Ergonomic Smart Desk Suite,11,1600,17600,0.075,1320.0,16280.0,14341.78,1938.22,11.91
ORD-2023-1409,2023-09-13,Zenith Biopharma,Enterprise,Europe,Enterprise Software,DevOps Automation Hub,8,1900,15200,0.057,866.4,14333.6,4623.59,9710.01,67.74
ORD-2023-2457,2023-09-13,Budget Office Outlet,Mid-Market,Europe,Workplace & Office Solutions,Ergonomic Smart Desk Suite,1,1600,1600,0.463,740.8,859.2,1295.95,-436.75,-50.83
ORD-2023-2215,2023-09-13,Budget Office Outlet,Enterprise,Europe,Professional Services,Cloud Migration Sprint,6,5000,30000,0.436,13080.0,16920.0,16873.44,46.56,0.28
ORD-2023-1612,2023-09-14,Sterling & Cross Partners,Mid-Market,Middle East & Africa,Professional Services,Custom Integration Toolkit,5,2500,12500,0.101,1262.5,11237.5,7166.73,4070.77,36.22
ORD-2023-1707,2023-09-14,Titan Energy Partners,Mid-Market,Middle East & Africa,Hardware & Infrastructure,Industrial IoT Sensor Pack,4,1200,4800,0.039,187.2,4612.8,3723.53,889.27,19.28
ORD-2023-1893,2023-09-14,Acrobat Logistics Group,Mid-Market,Latin America,Workplace & Office Solutions,Ergonomic Smart Desk Suite,2,1600,3200,0.149,476.8,2723.2,2646.02,77.18,2.83
ORD-2023-2040,2023-09-14,Titan Energy Partners,Enterprise,Middle East & Africa,Workplace & Office Solutions,Conference Audio Matrix,12,1100,13200,0.07,924.0,12276.0,10194.08,2081.92,16.96
ORD-2023-2093,2023-09-14,FinTech Innovations,Mid-Market,North America,Professional Services,Architecture Review & Audit,3,3500,10500,0.025,262.5,10237.5,5702.53,4534.97,44.3
ORD-2023-1231,2023-09-14,Sterling & Cross Partners,Mid-Market,Europe,Professional Services,24/7 Managed SRE Support,2,4000,8000,0.068,544.0,7456.0,5156.76,2299.24,30.84
ORD-2023-1528,2023-09-15,Titan Energy Partners,Enterprise,Middle East & Africa,Enterprise Software,Cloud ERP Suite,14,4500,63000,0.032,2016.0,60984.0,17857.57,43126.43,70.72
ORD-2023-2445,2023-09-15,Horizon Media Network,Mid-Market,North America,Enterprise Software,CyberSecurity Platform,5,3200,16000,0.105,1680.0,14320.0,4733.51,9586.49,66.94
ORD-2023-1541,2023-09-15,Cascade Industrial Works,Mid-Market,Middle East & Africa,Enterprise Software,Cloud ERP Suite,3,4500,13500,0.146,1971.0,11529.0,3689.08,7839.92,68.0
ORD-2023-1015,2023-09-15,Vanguard Financial Systems,Enterprise,North America,Workplace & Office Solutions,Modular Acoustic Pods,11,4200,46200,0.068,3141.6,43058.4,42051.29,1007.11,2.34
ORD-2023-1076,2023-09-16,Nexus Telecom,Enterprise,Asia-Pacific,Workplace & Office Solutions,Conference Audio Matrix,7,1100,7700,0.163,1255.1,6444.9,6016.28,428.62,6.65
ORD-2023-1549,2023-09-16,Global Wholesale Direct,Enterprise,Europe,Hardware & Infrastructure,High-Density Rack Switch,7,3800,26600,0.355,9443.0,17157.0,21126.61,-3969.61,-23.14
ORD-2023-1878,2023-09-17,Starlight Media,Mid-Market,Latin America,Enterprise Software,DevOps Automation Hub,2,1900,3800,0.359,1364.2,2435.8,1187.06,1248.74,51.27
ORD-2023-2088,2023-09-18,Vanguard Financial Systems,Enterprise,North America,Workplace & Office Solutions,Executive Telepresence Unit,8,2900,23200,0.043,997.6,22202.4,18962.27,3240.13,14.59
ORD-2023-2352,2023-09-18,Apex Horizon Distribution,Enterprise,Latin America,Enterprise Software,CyberSecurity Platform,12,3200,38400,0.408,15667.2,22732.8,11115.8,11617.0,51.1
ORD-2023-1613,2023-09-18,Precision Robotics Ltd,Mid-Market,Asia-Pacific,Hardware & Infrastructure,Edge AI Gateway Server,2,6500,13000,0.044,572.0,12428.0,9906.07,2521.93,20.29
ORD-2023-1514,2023-09-18,Horizon Media Network,Mid-Market,Latin America,Hardware & Infrastructure,Industrial IoT Sensor Pack,2,1200,2400,0.275,660.0,1740.0,1927.67,-187.67,-10.79
ORD-2023-1531,2023-09-19,Acrobat Logistics Group,Mid-Market,Latin America,Professional Services,Architecture Review & Audit,3,3500,10500,0.101,1060.5,9439.5,5457.36,3982.14,42.19
ORD-2023-2149,2023-09-19,Horizon Media Network,Enterprise,Latin America,Hardware & Infrastructure,High-Density Rack Switch,7,3800,26600,0.139,3697.4,22902.6,21598.34,1304.26,5.69
ORD-2023-1170,2023-09-19,Synergy BioLabs,Mid-Market,Europe,Professional Services,Architecture Review & Audit,2,3500,7000,0.014,98.0,6902.0,3476.15,3425.85,49.64
ORD-2023-2205,2023-09-19,Global Wholesale Direct,Enterprise,Asia-Pacific,Workplace & Office Solutions,Ergonomic Smart Desk Suite,12,1600,19200,0.367,7046.4,12153.6,16758.41,-4604.81,-37.89
ORD-2023-1294,2023-09-19,OmniCorp International,Enterprise,Middle East & Africa,Hardware & Infrastructure,Industrial IoT Sensor Pack,7,1200,8400,0.315,2646.0,5754.0,6514.65,-760.65,-13.22
ORD-2023-1946,2023-09-20,Apex Global Tech,Enterprise,North America,Workplace & Office Solutions,Modular Acoustic Pods,14,4200,58800,0.024,1411.2,57388.8,51529.46,5859.34,10.21
ORD-2023-2309,2023-09-20,OmniCorp International,Enterprise,Europe,Workplace & Office Solutions,Conference Audio Matrix,11,1100,12100,0.41,4961.0,7139.0,9419.81,-2280.81,-31.95
ORD-2023-1079,2023-09-20,OmniCorp International,Enterprise,Europe,Hardware & Infrastructure,Industrial IoT Sensor Pack,15,1200,18000,0.41,7380.0,10620.0,13119.47,-2499.47,-23.54
ORD-2023-2174,2023-09-21,Beacon Healthcare,Enterprise,Asia-Pacific,Workplace & Office Solutions,Conference Audio Matrix,6,1100,6600,0.073,481.8,6118.2,5475.85,642.35,10.5
ORD-2023-1138,2023-09-21,Budget Office Outlet,Mid-Market,Europe,Professional Services,24/7 Managed SRE Support,3,4000,12000,0.483,5796.0,6204.0,7723.76,-1519.76,-24.5
ORD-2023-2008,2023-09-22,Horizon Media Network,Mid-Market,North America,Hardware & Infrastructure,Edge AI Gateway Server,1,6500,6500,0.092,598.0,5902.0,5043.07,858.93,14.55
ORD-2023-1462,2023-09-22,Summit Capital Advisors,Mid-Market,North America,Professional Services,24/7 Managed SRE Support,2,4000,8000,0.03,240.0,7760.0,4989.84,2770.16,35.7
ORD-2023-2476,2023-09-22,Starlight Media,Mid-Market,Latin America,Enterprise Software,DevOps Automation Hub,3,1900,5700,0.503,2867.1,2832.9,1774.62,1058.28,37.36
ORD-2023-1337,2023-09-22,Horizon Media Network,Mid-Market,North America,Enterprise Software,Cloud ERP Suite,2,4500,9000,0.09,810.0,8190.0,2513.02,5676.98,69.32
ORD-2023-1087,2023-09-22,Nexus Telecom,Enterprise,Asia-Pacific,Workplace & Office Solutions,Executive Telepresence Unit,6,2900,17400,0.114,1983.6,15416.4,15647.29,-230.89,-1.5
ORD-2023-1721,2023-09-23,Cascade Industrial Works,Enterprise,Middle East & Africa,Professional Services,Custom Integration Toolkit,6,2500,15000,0.143,2145.0,12855.0,9066.57,3788.43,29.47
ORD-2023-2009,2023-09-23,Beacon Healthcare,Enterprise,Asia-Pacific,Enterprise Software,Cloud ERP Suite,8,4500,36000,0.071,2556.0,33444.0,9562.38,23881.62,71.41
ORD-2023-1975,2023-09-23,Apex Global Tech,Mid-Market,Europe,Hardware & Infrastructure,High-Density Rack Switch,4,3800,15200,0.072,1094.4,14105.6,11951.41,2154.19,15.27
ORD-2023-2342,2023-09-24,Global Wholesale Direct,Enterprise,Middle East & Africa,Enterprise Software,DevOps Automation Hub,17,1900,32300,0.471,15213.3,17086.7,9900.9,7185.8,42.05
ORD-2023-1558,2023-09-24,Apex Global Tech,Enterprise,North America,Hardware & Infrastructure,Edge AI Gateway Server,11,6500,71500,0.053,3789.5,67710.5,57015.27,10695.23,15.8
ORD-2023-2491,2023-09-24,Beacon Healthcare,Enterprise,Europe,Workplace & Office Solutions,Executive Telepresence Unit,12,2900,34800,0.08,2784.0,32016.0,29235.49,2780.51,8.68
ORD-2023-2448,2023-09-25,Horizon Media Network,Enterprise,North America,Enterprise Software,Analytics Cloud Pro,7,2800,19600,0.088,1724.8,17875.2,5220.67,12654.53,70.79
ORD-2023-2151,2023-09-25,Nexus Telecom,Mid-Market,Asia-Pacific,Professional Services,Cloud Migration Sprint,3,5000,15000,0.141,2115.0,12885.0,9011.14,3873.86,30.06
ORD-2023-2410,2023-09-25,Horizon Media Network,Mid-Market,Latin America,Workplace & Office Solutions,Modular Acoustic Pods,2,4200,8400,0.153,1285.2,7114.8,7398.83,-284.03,-3.99
ORD-2023-1044,2023-09-26,Zenith Biopharma,Mid-Market,Asia-Pacific,Enterprise Software,Analytics Cloud Pro,3,2800,8400,0.061,512.4,7887.6,2115.62,5771.98,73.18
ORD-2023-1780,2023-09-26,Summit Capital Advisors,Mid-Market,North America,Workplace & Office Solutions,Modular Acoustic Pods,4,4200,16800,0.006,100.8,16699.2,15309.16,1390.04,8.32
ORD-2023-2077,2023-09-26,OmniCorp International,Enterprise,Europe,Hardware & Infrastructure,High-Density Rack Switch,18,3800,68400,0.402,27496.8,40903.2,55475.04,-14571.84,-35.63
ORD-2023-1951,2023-09-27,Synergy BioLabs,Mid-Market,Europe,Professional Services,Custom Integration Toolkit,3,2500,7500,0.031,232.5,7267.5,4405.81,2861.69,39.38
ORD-2023-1357,2023-09-27,Apex Global Tech,Enterprise,Europe,Professional Services,Cloud Migration Sprint,10,5000,50000,0.041,2050.0,47950.0,29572.89,18377.11,38.33
ORD-2023-1631,2023-09-27,Nexus Telecom,Mid-Market,Asia-Pacific,Workplace & Office Solutions,Modular Acoustic Pods,4,4200,16800,0.088,1478.4,15321.6,14850.6,471.0,3.07
ORD-2023-1778,2023-09-28,Nexus Telecom,Mid-Market,Asia-Pacific,Hardware & Infrastructure,NVMe SAN Storage Array,1,8200,8200,0.156,1279.2,6920.8,6659.05,261.75,3.78
ORD-2023-1102,2023-09-28,Precision Robotics Ltd,Mid-Market,Asia-Pacific,Workplace & Office Solutions,Ergonomic Smart Desk Suite,2,1600,3200,0.059,188.8,3011.2,2784.4,226.8,7.53
ORD-2023-2337,2023-09-28,Beacon Healthcare,Enterprise,Asia-Pacific,Professional Services,24/7 Managed SRE Support,13,4000,52000,0.055,2860.0,49140.0,33301.24,15838.76,32.23
ORD-2023-2260,2023-09-28,Apex Horizon Distribution,Mid-Market,Latin America,Professional Services,24/7 Managed SRE Support,5,4000,20000,0.373,7460.0,12540.0,12037.01,502.99,4.01
ORD-2023-2384,2023-09-29,Beacon Healthcare,Enterprise,Asia-Pacific,Workplace & Office Solutions,Modular Acoustic Pods,8,4200,33600,0.046,1545.6,32054.4,29420.34,2634.06,8.22
ORD-2023-1431,2023-09-29,Vanguard Financial Systems,Mid-Market,North America,Professional Services,Custom Integration Toolkit,3,2500,7500,0.023,172.5,7327.5,4368.47,2959.03,40.38
ORD-2023-2091,2023-09-29,Cascade Industrial Works,Mid-Market,Middle East & Africa,Hardware & Infrastructure,Industrial IoT Sensor Pack,4,1200,4800,0.155,744.0,4056.0,3588.06,467.94,11.54
ORD-2023-1675,2023-09-30,MegaRetail Logistics,Mid-Market,North America,Hardware & Infrastructure,High-Density Rack Switch,5,3800,19000,0.44,8360.0,10640.0,15376.67,-4736.67,-44.52
ORD-2023-2388,2023-09-30,Quantum Dynamics,Mid-Market,Europe,Enterprise Software,Cloud ERP Suite,3,4500,13500,0.047,634.5,12865.5,3669.04,9196.46,71.48
ORD-2023-1163,2023-10-01,Precision Robotics Ltd,Mid-Market,Asia-Pacific,Hardware & Infrastructure,Industrial IoT Sensor Pack,1,1200,1200,0.021,25.2,1174.8,886.97,287.83,24.5
ORD-2023-1113,2023-10-01,Zenith Biopharma,Mid-Market,Asia-Pacific,Workplace & Office Solutions,Ergonomic Smart Desk Suite,4,1600,6400,0.088,563.2,5836.8,5781.23,55.57,0.95
ORD-2023-1085,2023-10-02,Titan Energy Partners,Enterprise,Middle East & Africa,Workplace & Office Solutions,Modular Acoustic Pods,9,4200,37800,0.039,1474.2,36325.8,31814.03,4511.77,12.42
ORD-2023-2354,2023-10-02,Nexus Telecom,Mid-Market,Asia-Pacific,Hardware & Infrastructure,Edge AI Gateway Server,3,6500,19500,0.107,2086.5,17413.5,14052.97,3360.53,19.3
ORD-2023-1295,2023-10-02,Quantum Dynamics,Mid-Market,Asia-Pacific,Enterprise Software,CyberSecurity Platform,3,3200,9600,0.056,537.6,9062.4,2931.64,6130.76,67.65
ORD-2023-2036,2023-10-03,Budget Office Outlet,Mid-Market,Europe,Workplace & Office Solutions,Executive Telepresence Unit,1,2900,2900,0.411,1191.9,1708.1,2514.2,-806.1,-47.19
ORD-2023-2243,2023-10-03,Sterling & Cross Partners,Mid-Market,Europe,Enterprise Software,Analytics Cloud Pro,2,2800,5600,0.083,464.8,5135.2,1501.63,3633.57,70.76
ORD-2023-1363,2023-10-03,MegaRetail Logistics,Enterprise,North America,Workplace & Office Solutions,Executive Telepresence Unit,13,2900,37700,0.413,15570.1,22129.9,31810.9,-9681.0,-43.75
ORD-2023-1443,2023-10-03,OmniCorp International,Enterprise,Europe,Workplace & Office Solutions,Conference Audio Matrix,7,1100,7700,0.376,2895.2,4804.8,5769.4,-964.6,-20.08
ORD-2023-1782,2023-10-04,Apex Horizon Distribution,Enterprise,Asia-Pacific,Workplace & Office Solutions,Conference Audio Matrix,9,1100,9900,0.295,2920.5,6979.5,7365.24,-385.74,-5.53
ORD-2023-1610,2023-10-04,Budget Office Outlet,Mid-Market,Europe,Hardware & Infrastructure,High-Density Rack Switch,2,3800,7600,0.461,3503.6,4096.4,6337.6,-2241.2,-54.71
ORD-2023-1261,2023-10-05,FinTech Innovations,Mid-Market,Asia-Pacific,Workplace & Office Solutions,Executive Telepresence Unit,2,2900,5800,0.057,330.6,5469.4,5098.46,370.94,6.78
ORD-2023-1619,2023-10-05,Acrobat Logistics Group,Enterprise,Latin America,Professional Services,24/7 Managed SRE Support,7,4000,28000,0.189,5292.0,22708.0,17665.65,5042.35,22.21
ORD-2023-2212,2023-10-05,MegaRetail Logistics,Enterprise,North America,Professional Services,24/7 Managed SRE Support,12,4000,48000,0.409,19632.0,28368.0,30716.76,-2348.76,-8.28
ORD-2023-2255,2023-10-06,Discount Express Corp,Enterprise,Middle East & Africa,Workplace & Office Solutions,Modular Acoustic Pods,7,4200,29400,0.426,12524.4,16875.6,23951.8,-7076.2,-41.93
ORD-2023-1268,2023-10-07,Budget Office Outlet,Enterprise,Europe,Workplace & Office Solutions,Executive Telepresence Unit,8,2900,23200,0.339,7864.8,15335.2,18907.02,-3571.82,-23.29
ORD-2023-1212,2023-10-07,Budget Office Outlet,Enterprise,Europe,Professional Services,Cloud Migration Sprint,6,5000,30000,0.325,9750.0,20250.0,16763.75,3486.25,17.22
ORD-2023-1318,2023-10-07,Vanguard Financial Systems,Enterprise,Latin America,Professional Services,Cloud Migration Sprint,13,5000,65000,0.057,3705.0,61295.0,36712.0,24583.0,40.11
ORD-2023-2472,2023-10-08,Pinnacle Manufacturing,Mid-Market,North America,Professional Services,Custom Integration Toolkit,1,2500,2500,0.093,232.5,2267.5,1449.98,817.52,36.05
ORD-2023-1479,2023-10-08,Orion Consumer Goods,Enterprise,Latin America,Enterprise Software,Cloud ERP Suite,8,4500,36000,0.141,5076.0,30924.0,10085.38,20838.62,67.39
ORD-2023-2471,2023-10-08,Apex Horizon Distribution,Enterprise,Europe,Hardware & Infrastructure,Edge AI Gateway Server,8,6500,52000,0.265,13780.0,38220.0,37727.66,492.34,1.29
ORD-2023-1519,2023-10-08,Orion Consumer Goods,Mid-Market,Latin America,Workplace & Office Solutions,Modular Acoustic Pods,4,4200,16800,0.16,2688.0,14112.0,14321.83,-209.83,-1.49
ORD-2023-2365,2023-10-09,Nexus Telecom,Mid-Market,Asia-Pacific,Workplace & Office Solutions,Modular Acoustic Pods,1,4200,4200,0.122,512.4,3687.6,3478.08,209.52,5.68
ORD-2023-1326,2023-10-10,Pinnacle Manufacturing,Enterprise,North America,Enterprise Software,CyberSecurity Platform,7,3200,22400,0.098,2195.2,20204.8,6736.12,13468.68,66.66
ORD-2023-1864,2023-10-11,MegaRetail Logistics,Mid-Market,North America,Hardware & Infrastructure,Edge AI Gateway Server,5,6500,32500,0.389,12642.5,19857.5,25828.35,-5970.85,-30.07
ORD-2023-1004,2023-10-12,Synergy BioLabs,Mid-Market,Europe,Hardware & Infrastructure,Industrial IoT Sensor Pack,3,1200,3600,0.008,28.8,3571.2,2900.98,670.22,18.77
ORD-2023-1880,2023-10-12,Beacon Healthcare,Mid-Market,Asia-Pacific,Enterprise Software,Cloud ERP Suite,5,4500,22500,0.087,1957.5,20542.5,5971.31,14571.19,70.93
ORD-2023-1714,2023-10-12,MegaRetail Logistics,Enterprise,North America,Enterprise Software,CyberSecurity Platform,18,3200,57600,0.412,23731.2,33868.8,17484.43,16384.37,48.38
ORD-2023-1364,2023-10-12,Apex Horizon Distribution,Enterprise,Latin America,Enterprise Software,DevOps Automation Hub,12,1900,22800,0.368,8390.4,14409.6,7661.17,6748.43,46.83
ORD-2023-1891,2023-10-13,Nexus Telecom,Enterprise,North America,Hardware & Infrastructure,Industrial IoT Sensor Pack,8,1200,9600,0.156,1497.6,8102.4,7556.95,545.45,6.73
ORD-2023-2308,2023-10-14,Sterling & Cross Partners,Mid-Market,Europe,Professional Services,Architecture Review & Audit,2,3500,7000,0.102,714.0,6286.0,3585.38,2700.62,42.96
ORD-2023-2083,2023-10-14,MegaRetail Logistics,Enterprise,North America,Hardware & Infrastructure,Edge AI Gateway Server,14,6500,91000,0.457,41587.0,49413.0,71278.73,-21865.73,-44.25
ORD-2023-2245,2023-10-14,Pinnacle Manufacturing,Enterprise,North America,Hardware & Infrastructure,NVMe SAN Storage Array,8,8200,65600,0.142,9315.2,56284.8,53163.07,3121.73,5.55
ORD-2023-2376,2023-10-15,Helios Solar Tech,Enterprise,Europe,Hardware & Infrastructure,Industrial IoT Sensor Pack,8,1200,9600,0.109,1046.4,8553.6,7524.09,1029.51,12.04
ORD-2023-2238,2023-10-15,Global Wholesale Direct,Enterprise,Asia-Pacific,Hardware & Infrastructure,High-Density Rack Switch,7,3800,26600,0.458,12182.8,14417.2,23052.81,-8635.61,-59.9
ORD-2023-1774,2023-10-15,MegaRetail Logistics,Enterprise,Asia-Pacific,Professional Services,Architecture Review & Audit,13,3500,45500,0.35,15925.0,29575.0,23011.66,6563.34,22.19
ORD-2023-1418,2023-10-15,OmniCorp International,Enterprise,Europe,Hardware & Infrastructure,Edge AI Gateway Server,18,6500,117000,0.29,33930.0,83070.0,93216.88,-10146.88,-12.21
ORD-2023-2297,2023-10-16,Vanguard Financial Systems,Enterprise,North America,Professional Services,Cloud Migration Sprint,6,5000,30000,0.02,600.0,29400.0,16192.52,13207.48,44.92
ORD-2023-2095,2023-10-16,Beacon Healthcare,Enterprise,Asia-Pacific,Professional Services,Cloud Migration Sprint,7,5000,35000,0.081,2835.0,32165.0,20615.41,11549.59,35.91
ORD-2023-1242,2023-10-16,Cascade Industrial Works,Mid-Market,Europe,Professional Services,Cloud Migration Sprint,1,5000,5000,0.139,695.0,4305.0,2981.17,1323.83,30.75
ORD-2023-1725,2023-10-16,Apex Horizon Distribution,Enterprise,Latin America,Enterprise Software,CyberSecurity Platform,15,3200,48000,0.293,14064.0,33936.0,13663.17,20272.83,59.74
ORD-2023-1042,2023-10-16,Global Wholesale Direct,Enterprise,Asia-Pacific,Enterprise Software,CyberSecurity Platform,8,3200,25600,0.429,10982.4,14617.6,7929.0,6688.6,45.76
ORD-2023-2481,2023-10-17,Acrobat Logistics Group,Enterprise,Latin America,Workplace & Office Solutions,Ergonomic Smart Desk Suite,7,1600,11200,0.114,1276.8,9923.2,9378.66,544.54,5.49
ORD-2023-2186,2023-10-17,Cascade Industrial Works,Mid-Market,Latin America,Workplace & Office Solutions,Ergonomic Smart Desk Suite,5,1600,8000,0.16,1280.0,6720.0,6583.69,136.31,2.03
ORD-2023-1652,2023-10-17,Apex Horizon Distribution,Enterprise,Latin America,Workplace & Office Solutions,Executive Telepresence Unit,13,2900,37700,0.305,11498.5,26201.5,32911.16,-6709.66,-25.61
ORD-2023-2427,2023-10-18,Apex Global Tech,Mid-Market,North America,Workplace & Office Solutions,Executive Telepresence Unit,3,2900,8700,0.047,408.9,8291.1,7521.6,769.5,9.28
ORD-2023-1956,2023-10-18,OmniCorp International,Enterprise,Europe,Professional Services,Cloud Migration Sprint,7,5000,35000,0.311,10885.0,24115.0,19048.82,5066.18,21.01
ORD-2023-2011,2023-10-19,Beacon Healthcare,Enterprise,Middle East & Africa,Hardware & Infrastructure,NVMe SAN Storage Array,7,8200,57400,0.073,4190.2,53209.8,51002.88,2206.92,4.15
ORD-2023-1593,2023-10-19,Vanguard Financial Systems,Enterprise,North America,Enterprise Software,Cloud ERP Suite,11,4500,49500,0.054,2673.0,46827.0,13499.44,33327.56,71.17
ORD-2023-2232,2023-10-19,Beacon Healthcare,Enterprise,Asia-Pacific,Hardware & Infrastructure,Edge AI Gateway Server,6,6500,39000,0.042,1638.0,37362.0,28837.18,8524.82,22.82
ORD-2023-2332,2023-10-19,Nexus Telecom,Enterprise,Asia-Pacific,Hardware & Infrastructure,Industrial IoT Sensor Pack,7,1200,8400,0.165,1386.0,7014.0,6548.92,465.08,6.63
ORD-2023-2142,2023-10-20,OmniCorp International,Enterprise,Europe,Hardware & Infrastructure,High-Density Rack Switch,8,3800,30400,0.378,11491.2,18908.8,26679.95,-7771.15,-41.1
ORD-2023-1451,2023-10-20,Sterling & Cross Partners,Mid-Market,Europe,Enterprise Software,Cloud ERP Suite,2,4500,9000,0.128,1152.0,7848.0,2554.6,5293.4,67.45
ORD-2023-1222,2023-10-20,Apex Horizon Distribution,Enterprise,Latin America,Professional Services,Custom Integration Toolkit,7,2500,17500,0.368,6440.0,11060.0,10582.25,477.75,4.32
ORD-2023-1617,2023-10-21,Apex Global Tech,Enterprise,North America,Enterprise Software,DevOps Automation Hub,12,1900,22800,0.048,1094.4,21705.6,7735.37,13970.23,64.36
ORD-2023-2310,2023-10-21,Acrobat Logistics Group,Enterprise,North America,Workplace & Office Solutions,Ergonomic Smart Desk Suite,6,1600,9600,0.14,1344.0,8256.0,8597.42,-341.42,-4.14
ORD-2023-1200,2023-10-21,Sterling & Cross Partners,Mid-Market,Asia-Pacific,Hardware & Infrastructure,High-Density Rack Switch,1,3800,3800,0.133,505.4,3294.6,3135.4,159.2,4.83
ORD-2023-1863,2023-10-22,Global Wholesale Direct,Mid-Market,Asia-Pacific,Professional Services,Custom Integration Toolkit,5,2500,12500,0.395,4937.5,7562.5,7097.62,464.88,6.15
ORD-2023-1260,2023-10-22,Quantum Dynamics,Mid-Market,Europe,Hardware & Infrastructure,NVMe SAN Storage Array,3,8200,24600,0.097,2386.2,22213.8,19877.67,2336.13,10.52
ORD-2023-1351,2023-10-23,Global Wholesale Direct,Enterprise,Asia-Pacific,Hardware & Infrastructure,High-Density Rack Switch,11,3800,41800,0.345,14421.0,27379.0,33789.53,-6410.53,-23.41
ORD-2023-1845,2023-10-23,Vanguard Financial Systems,Enterprise,North America,Hardware & Infrastructure,Industrial IoT Sensor Pack,8,1200,9600,0.056,537.6,9062.4,6884.29,2178.11,24.03
ORD-2023-1885,2023-10-23,Sterling & Cross Partners,Enterprise,Europe,Hardware & Infrastructure,Industrial IoT Sensor Pack,6,1200,7200,0.1,720.0,6480.0,5158.51,1321.49,20.39
ORD-2023-1672,2023-10-24,Helios Solar Tech,Enterprise,Middle East & Africa,Enterprise Software,CyberSecurity Platform,7,3200,22400,0.151,3382.4,19017.6,6445.46,12572.14,66.11
ORD-2023-2039,2023-10-24,Apex Global Tech,Enterprise,Latin America,Enterprise Software,Cloud ERP Suite,10,4500,45000,0.059,2655.0,42345.0,11661.12,30683.88,72.46
ORD-2023-1544,2023-10-24,Starlight Media,Mid-Market,Latin America,Enterprise Software,Analytics Cloud Pro,2,2800,5600,0.507,2839.2,2760.8,1384.85,1375.95,49.84
ORD-2023-2237,2023-10-24,Horizon Media Network,Enterprise,North America,Enterprise Software,DevOps Automation Hub,8,1900,15200,0.095,1444.0,13756.0,4611.55,9144.45,66.48
ORD-2023-2305,2023-10-25,Nexus Telecom,Enterprise,Asia-Pacific,Workplace & Office Solutions,Executive Telepresence Unit,6,2900,17400,0.116,2018.4,15381.6,15600.73,-219.13,-1.42
ORD-2023-1521,2023-10-25,Synergy BioLabs,Mid-Market,Middle East & Africa,Hardware & Infrastructure,High-Density Rack Switch,2,3800,7600,0.034,258.4,7341.6,6632.48,709.12,9.66
ORD-2023-1983,2023-10-25,Quantum Dynamics,Enterprise,Europe,Workplace & Office Solutions,Modular Acoustic Pods,14,4200,58800,0.033,1940.4,56859.6,50498.71,6360.89,11.19
ORD-2023-2483,2023-10-25,Apex Horizon Distribution,Mid-Market,Latin America,Hardware & Infrastructure,NVMe SAN Storage Array,4,8200,32800,0.408,13382.4,19417.6,26311.62,-6894.02,-35.5
ORD-2023-1550,2023-10-25,Sterling & Cross Partners,Mid-Market,Europe,Enterprise Software,DevOps Automation Hub,2,1900,3800,0.11,418.0,3382.0,1179.11,2202.89,65.14
ORD-2023-2183,2023-10-26,Precision Robotics Ltd,Mid-Market,Middle East & Africa,Workplace & Office Solutions,Executive Telepresence Unit,4,2900,11600,0.055,638.0,10962.0,9789.93,1172.07,10.69
ORD-2023-1868,2023-10-26,Vanguard Financial Systems,Enterprise,North America,Professional Services,Cloud Migration Sprint,7,5000,35000,0.042,1470.0,33530.0,21005.74,12524.26,37.35
ORD-2023-1324,2023-10-26,Titan Energy Partners,Mid-Market,Middle East & Africa,Professional Services,Custom Integration Toolkit,3,2500,7500,0.045,337.5,7162.5,4415.43,2747.07,38.35
ORD-2023-1360,2023-10-27,Apex Horizon Distribution,Enterprise,Latin America,Hardware & Infrastructure,NVMe SAN Storage Array,15,8200,123000,0.299,36777.0,86223.0,109869.62,-23646.62,-27.42
ORD-2023-1684,2023-10-27,Starlight Media,Mid-Market,Latin America,Professional Services,Cloud Migration Sprint,1,5000,5000,0.523,2615.0,2385.0,2896.39,-511.39,-21.44
ORD-2023-2461,2023-10-27,MegaRetail Logistics,Enterprise,North America,Professional Services,24/7 Managed SRE Support,16,4000,64000,0.456,29184.0,34816.0,37699.08,-2883.08,-8.28
ORD-2023-1996,2023-10-27,Quantum Dynamics,Enterprise,Europe,Professional Services,Architecture Review & Audit,14,3500,49000,0.08,3920.0,45080.0,26436.2,18643.8,41.36
ORD-2023-1006,2023-10-28,Vanguard Financial Systems,Mid-Market,Latin America,Enterprise Software,DevOps Automation Hub,4,1900,7600,0.06,456.0,7144.0,2472.98,4671.02,65.38
ORD-2023-1896,2023-10-28,Beacon Healthcare,Enterprise,Asia-Pacific,Workplace & Office Solutions,Modular Acoustic Pods,6,4200,25200,0.073,1839.6,23360.4,21896.62,1463.78,6.27
ORD-2023-2120,2023-10-29,Quantum Dynamics,Mid-Market,Europe,Enterprise Software,Cloud ERP Suite,5,4500,22500,0.039,877.5,21622.5,6278.33,15344.17,70.96
ORD-2023-1704,2023-10-29,Vanguard Financial Systems,Enterprise,Asia-Pacific,Workplace & Office Solutions,Executive Telepresence Unit,9,2900,26100,0.047,1226.7,24873.3,21103.86,3769.44,15.15
ORD-2023-1759,2023-10-29,Helios Solar Tech,Mid-Market,North America,Enterprise Software,DevOps Automation Hub,3,1900,5700,0.086,490.2,5209.8,1920.85,3288.95,63.13
ORD-2023-1475,2023-10-29,Apex Horizon Distribution,Enterprise,Latin America,Professional Services,24/7 Managed SRE Support,8,4000,32000,0.329,10528.0,21472.0,18533.98,2938.02,13.68
ORD-2023-1137,2023-10-30,Global Wholesale Direct,Enterprise,Asia-Pacific,Hardware & Infrastructure,Edge AI Gateway Server,18,6500,117000,0.379,44343.0,72657.0,86746.93,-14089.93,-19.39
ORD-2023-1093,2023-10-31,Pinnacle Manufacturing,Mid-Market,North America,Professional Services,Cloud Migration Sprint,4,5000,20000,0.08,1600.0,18400.0,10901.27,7498.73,40.75
ORD-2023-1033,2023-10-31,Apex Global Tech,Enterprise,North America,Workplace & Office Solutions,Executive Telepresence Unit,6,2900,17400,0.033,574.2,16825.8,14076.76,2749.04,16.34
ORD-2023-2345,2023-11-01,Pinnacle Manufacturing,Mid-Market,North America,Hardware & Infrastructure,High-Density Rack Switch,4,3800,15200,0.077,1170.4,14029.6,13134.82,894.78,6.38
ORD-2023-1930,2023-11-01,Beacon Healthcare,Enterprise,Asia-Pacific,Professional Services,Cloud Migration Sprint,6,5000,30000,0.051,1530.0,28470.0,17904.3,10565.7,37.11
ORD-2023-1469,2023-11-02,Beacon Healthcare,Enterprise,Asia-Pacific,Professional Services,24/7 Managed SRE Support,13,4000,52000,0.049,2548.0,49452.0,31738.14,17713.86,35.82
ORD-2023-1118,2023-11-02,Vanguard Financial Systems,Enterprise,North America,Professional Services,Cloud Migration Sprint,7,5000,35000,0.06,2100.0,32900.0,20097.64,12802.36,38.91
ORD-2023-2224,2023-11-03,Cascade Industrial Works,Mid-Market,Middle East & Africa,Hardware & Infrastructure,Edge AI Gateway Server,5,6500,32500,0.138,4485.0,28015.0,23626.02,4388.98,15.67
ORD-2023-1127,2023-11-03,Acrobat Logistics Group,Mid-Market,Latin America,Enterprise Software,DevOps Automation Hub,3,1900,5700,0.19,1083.0,4617.0,1720.76,2896.24,62.73
ORD-2023-1249,2023-11-03,Cascade Industrial Works,Enterprise,Middle East & Africa,Professional Services,Architecture Review & Audit,7,3500,24500,0.149,3650.5,20849.5,12800.98,8048.52,38.6
ORD-2023-2201,2023-11-04,Pinnacle Manufacturing,Mid-Market,North America,Workplace & Office Solutions,Ergonomic Smart Desk Suite,4,1600,6400,0.064,409.6,5990.4,5793.95,196.45,3.28
ORD-2023-1666,2023-11-04,Vanguard Financial Systems,Enterprise,North America,Hardware & Infrastructure,High-Density Rack Switch,7,3800,26600,0.016,425.6,26174.4,21742.83,4431.57,16.93
ORD-2023-2423,2023-11-04,Apex Global Tech,Mid-Market,North America,Workplace & Office Solutions,Ergonomic Smart Desk Suite,4,1600,6400,0.044,281.6,6118.4,5819.85,298.55,4.88
ORD-2023-1532,2023-11-05,Orion Consumer Goods,Mid-Market,North America,Hardware & Infrastructure,NVMe SAN Storage Array,1,8200,8200,0.169,1385.8,6814.2,7068.69,-254.49,-3.73
ORD-2023-2277,2023-11-05,Beacon Healthcare,Enterprise,Asia-Pacific,Workplace & Office Solutions,Executive Telepresence Unit,13,2900,37700,0.071,2676.7,35023.3,31445.85,3577.45,10.21
ORD-2023-1849,2023-11-05,Global Wholesale Direct,Enterprise,Asia-Pacific,Workplace & Office Solutions,Executive Telepresence Unit,12,2900,34800,0.342,11901.6,22898.4,28025.26,-5126.86,-22.39
ORD-2023-1379,2023-11-05,Acrobat Logistics Group,Mid-Market,Latin America,Hardware & Infrastructure,NVMe SAN Storage Array,1,8200,8200,0.121,992.2,7207.8,6724.22,483.58,6.71
ORD-2023-2062,2023-11-05,Orion Consumer Goods,Mid-Market,Latin America,Enterprise Software,DevOps Automation Hub,1,1900,1900,0.181,343.9,1556.1,603.68,952.42,61.21
ORD-2023-1132,2023-11-06,Beacon Healthcare,Enterprise,Asia-Pacific,Workplace & Office Solutions,Conference Audio Matrix,10,1100,11000,0.05,550.0,10450.0,8500.09,1949.91,18.66
ORD-2023-1796,2023-11-07,Helios Solar Tech,Enterprise,Latin America,Enterprise Software,Analytics Cloud Pro,6,2800,16800,0.116,1948.8,14851.2,4335.22,10515.98,70.81
ORD-2023-1990,2023-11-07,Acrobat Logistics Group,Enterprise,Latin America,Enterprise Software,DevOps Automation Hub,8,1900,15200,0.123,1869.6,13330.4,4907.46,8422.94,63.19
ORD-2023-2452,2023-11-07,FinTech Innovations,Mid-Market,North America,Professional Services,Custom Integration Toolkit,4,2500,10000,0.049,490.0,9510.0,5958.06,3551.94,37.35
ORD-2023-1875,2023-11-08,Apex Global Tech,Enterprise,Middle East & Africa,Professional Services,Architecture Review & Audit,14,3500,49000,0.022,1078.0,47922.0,26608.54,21313.46,44.48
ORD-2023-1230,2023-11-08,Precision Robotics Ltd,Mid-Market,Asia-Pacific,Enterprise Software,Cloud ERP Suite,2,4500,9000,0.028,252.0,8748.0,2380.67,6367.33,72.79
ORD-2023-1758,2023-11-08,Apex Horizon Distribution,Enterprise,Latin America,Hardware & Infrastructure,NVMe SAN Storage Array,8,8200,65600,0.406,26633.6,38966.4,57590.87,-18624.47,-47.8
ORD-2023-1097,2023-11-08,Global Wholesale Direct,Enterprise,Asia-Pacific,Enterprise Software,CyberSecurity Platform,6,3200,19200,0.335,6432.0,12768.0,5598.91,7169.09,56.15
ORD-2023-2004,2023-11-08,Nexus Telecom,Enterprise,Asia-Pacific,Professional Services,Custom Integration Toolkit,7,2500,17500,0.152,2660.0,14840.0,9709.65,5130.35,34.57
ORD-2023-2246,2023-11-08,Precision Robotics Ltd,Mid-Market,Asia-Pacific,Workplace & Office Solutions,Conference Audio Matrix,3,1100,3300,0.026,85.8,3214.2,2644.26,569.94,17.73
ORD-2023-1371,2023-11-09,Quantum Dynamics,Enterprise,Europe,Enterprise Software,DevOps Automation Hub,13,1900,24700,0.081,2000.7,22699.3,8175.81,14523.49,63.98
ORD-2023-1670,2023-11-09,Titan Energy Partners,Mid-Market,Middle East & Africa,Enterprise Software,DevOps Automation Hub,3,1900,5700,0.051,290.7,5409.3,1784.72,3624.58,67.01
ORD-2023-1680,2023-11-09,Horizon Media Network,Mid-Market,Asia-Pacific,Enterprise Software,Analytics Cloud Pro,2,2800,5600,0.111,621.6,4978.4,1334.14,3644.26,73.2
ORD-2023-2467,2023-11-09,Orion Consumer Goods,Mid-Market,Latin America,Hardware & Infrastructure,Industrial IoT Sensor Pack,1,1200,1200,0.123,147.6,1052.4,964.66,87.74,8.34
ORD-2023-2225,2023-11-09,MegaRetail Logistics,Enterprise,North America,Workplace & Office Solutions,Executive Telepresence Unit,18,2900,52200,0.467,24377.4,27822.6,47393.72,-19571.12,-70.34
ORD-2023-2020,2023-11-09,Apex Global Tech,Mid-Market,North America,Hardware & Infrastructure,Industrial IoT Sensor Pack,3,1200,3600,0.073,262.8,3337.2,2640.67,696.53,20.87
ORD-2023-2211,2023-11-10,MegaRetail Logistics,Enterprise,North America,Enterprise Software,CyberSecurity Platform,12,3200,38400,0.406,15590.4,22809.6,12025.67,10783.93,47.28
ORD-2023-1104,2023-11-11,Global Wholesale Direct,Enterprise,North America,Enterprise Software,CyberSecurity Platform,16,3200,51200,0.427,21862.4,29337.6,16068.7,13268.9,45.23
ORD-2023-2382,2023-11-11,OmniCorp International,Enterprise,Europe,Workplace & Office Solutions,Executive Telepresence Unit,14,2900,40600,0.442,17945.2,22654.8,35158.92,-12504.12,-55.19
ORD-2023-1732,2023-11-12,Acrobat Logistics Group,Mid-Market,Middle East & Africa,Workplace & Office Solutions,Executive Telepresence Unit,2,2900,5800,0.171,991.8,4808.2,4855.34,-47.14,-0.98
ORD-2023-1227,2023-11-13,Orion Consumer Goods,Mid-Market,Middle East & Africa,Hardware & Infrastructure,Edge AI Gateway Server,2,6500,13000,0.16,2080.0,10920.0,10014.73,905.27,8.29
ORD-2023-1057,2023-11-13,Quantum Dynamics,Enterprise,Europe,Enterprise Software,Analytics Cloud Pro,11,2800,30800,0.077,2371.6,28428.4,7641.51,20786.89,73.12
ORD-2023-1385,2023-11-14,Nexus Telecom,Mid-Market,Europe,Professional Services,Custom Integration Toolkit,2,2500,5000,0.15,750.0,4250.0,2925.7,1324.3,31.16
ORD-2023-1384,2023-11-14,Helios Solar Tech,Mid-Market,Europe,Hardware & Infrastructure,NVMe SAN Storage Array,2,8200,16400,0.087,1426.8,14973.2,14762.14,211.06,1.41
ORD-2023-1161,2023-11-16,OmniCorp International,Enterprise,Latin America,Enterprise Software,Analytics Cloud Pro,13,2800,36400,0.34,12376.0,24024.0,9328.68,14695.32,61.17
ORD-2023-1022,2023-11-16,Vanguard Financial Systems,Enterprise,North America,Hardware & Infrastructure,High-Density Rack Switch,14,3800,53200,0.034,1808.8,51391.2,45019.66,6371.54,12.4
ORD-2023-1739,2023-11-16,MegaRetail Logistics,Enterprise,North America,Professional Services,Cloud Migration Sprint,13,5000,65000,0.415,26975.0,38025.0,35572.99,2452.01,6.45
ORD-2023-2098,2023-11-17,Vanguard Financial Systems,Mid-Market,North America,Workplace & Office Solutions,Conference Audio Matrix,4,1100,4400,0.061,268.4,4131.6,3419.53,712.07,17.23
ORD-2023-2061,2023-11-17,Helios Solar Tech,Enterprise,Europe,Enterprise Software,Cloud ERP Suite,7,4500,31500,0.16,5040.0,26460.0,8737.15,17722.85,66.98
ORD-2023-2295,2023-11-17,Sterling & Cross Partners,Enterprise,Europe,Enterprise Software,DevOps Automation Hub,8,1900,15200,0.109,1656.8,13543.2,4812.78,8730.42,64.46
ORD-2023-2311,2023-11-18,Quantum Dynamics,Enterprise,Europe,Workplace & Office Solutions,Conference Audio Matrix,11,1100,12100,0.056,677.6,11422.4,9711.72,1710.68,14.98
ORD-2023-1037,2023-11-18,Titan Energy Partners,Enterprise,Middle East & Africa,Professional Services,Architecture Review & Audit,13,3500,45500,0.034,1547.0,43953.0,23433.98,20519.02,46.68
ORD-2023-2458,2023-11-18,Discount Express Corp,Mid-Market,Middle East & Africa,Hardware & Infrastructure,NVMe SAN Storage Array,1,8200,8200,0.457,3747.4,4452.6,7142.72,-2690.12,-60.42
ORD-2023-1314,2023-11-19,Cascade Industrial Works,Mid-Market,Middle East & Africa,Professional Services,Cloud Migration Sprint,3,5000,15000,0.092,1380.0,13620.0,8206.22,5413.78,39.75
ORD-2023-1011,2023-11-19,Apex Global Tech,Enterprise,North America,Enterprise Software,CyberSecurity Platform,12,3200,38400,0.033,1267.2,37132.8,11569.86,25562.94,68.84
ORD-2023-1661,2023-11-19,OmniCorp International,Enterprise,Europe,Workplace & Office Solutions,Conference Audio Matrix,18,1100,19800,0.374,7405.2,12394.8,16517.74,-4122.94,-33.26
ORD-2023-2002,2023-11-19,Apex Horizon Distribution,Enterprise,Latin America,Enterprise Software,Cloud ERP Suite,9,4500,40500,0.318,12879.0,27621.0,11344.41,16276.59,58.93
ORD-2023-1378,2023-11-19,Apex Global Tech,Enterprise,North America,Workplace & Office Solutions,Conference Audio Matrix,9,1100,9900,0.067,663.3,9236.7,7513.92,1722.78,18.65
ORD-2023-2128,2023-11-20,MegaRetail Logistics,Enterprise,North America,Enterprise Software,DevOps Automation Hub,14,1900,26600,0.302,8033.2,18566.8,8212.34,10354.46,55.77
ORD-2023-1952,2023-11-20,Starlight Media,Mid-Market,Latin America,Professional Services,Custom Integration Toolkit,3,2500,7500,0.497,3727.5,3772.5,4258.24,-485.74,-12.88
ORD-2023-1553,2023-11-20,Apex Horizon Distribution,Enterprise,Latin America,Hardware & Infrastructure,NVMe SAN Storage Array,16,8200,131200,0.55,72160.0,59040.0,109375.26,-50335.26,-85.26
ORD-2023-1258,2023-11-21,Budget Office Outlet,Enterprise,Asia-Pacific,Professional Services,Architecture Review & Audit,8,3500,28000,0.396,11088.0,16912.0,14729.23,2182.77,12.91
ORD-2023-2035,2023-11-22,Quantum Dynamics,Mid-Market,Europe,Enterprise Software,Analytics Cloud Pro,3,2800,8400,0.063,529.2,7870.8,2106.13,5764.67,73.24
ORD-2023-2136,2023-11-22,Quantum Dynamics,Enterprise,Latin America,Professional Services,Architecture Review & Audit,7,3500,24500,0.075,1837.5,22662.5,13215.69,9446.81,41.68
ORD-2023-1289,2023-11-23,Titan Energy Partners,Enterprise,Middle East & Africa,Hardware & Infrastructure,NVMe SAN Storage Array,6,8200,49200,0.055,2706.0,46494.0,43487.8,3006.2,6.47
ORD-2023-1237,2023-11-23,Titan Energy Partners,Enterprise,Middle East & Africa,Hardware & Infrastructure,NVMe SAN Storage Array,14,8200,114800,0.064,7347.2,107452.8,102579.64,4873.16,4.54
ORD-2023-1740,2023-11-23,OmniCorp International,Enterprise,Europe,Professional Services,24/7 Managed SRE Support,12,4000,48000,0.411,19728.0,28272.0,29872.69,-1600.69,-5.66
ORD-2023-1916,2023-11-23,MegaRetail Logistics,Enterprise,North America,Professional Services,Custom Integration Toolkit,10,2500,25000,0.455,11375.0,13625.0,14958.27,-1333.27,-9.79
ORD-2023-1901,2023-11-25,Beacon Healthcare,Enterprise,Asia-Pacific,Workplace & Office Solutions,Conference Audio Matrix,7,1100,7700,0.043,331.1,7368.9,6109.22,1259.68,17.09
ORD-2023-1109,2023-11-25,Beacon Healthcare,Enterprise,Asia-Pacific,Professional Services,Custom Integration Toolkit,8,2500,20000,0.074,1480.0,18520.0,11888.86,6631.14,35.81
ORD-2023-1507,2023-11-25,Zenith Biopharma,Enterprise,Asia-Pacific,Hardware & Infrastructure,Edge AI Gateway Server,8,6500,52000,0.067,3484.0,48516.0,41322.96,7193.04,14.83
ORD-2023-2473,2023-11-25,Helios Solar Tech,Mid-Market,Europe,Enterprise Software,Cloud ERP Suite,5,4500,22500,0.155,3487.5,19012.5,6361.12,12651.38,66.54
ORD-2023-1298,2023-11-26,Beacon Healthcare,Enterprise,Middle East & Africa,Hardware & Infrastructure,Industrial IoT Sensor Pack,6,1200,7200,0.079,568.8,6631.2,5397.22,1233.98,18.61
ORD-2023-1362,2023-11-26,Summit Capital Advisors,Mid-Market,North America,Hardware & Infrastructure,High-Density Rack Switch,2,3800,7600,0.033,250.8,7349.2,6503.75,845.45,11.5
ORD-2023-1807,2023-11-26,Zenith Biopharma,Mid-Market,Latin America,Professional Services,Cloud Migration Sprint,3,5000,15000,0.109,1635.0,13365.0,8846.07,4518.93,33.81
ORD-2023-1106,2023-11-27,Beacon Healthcare,Enterprise,Asia-Pacific,Enterprise Software,Cloud ERP Suite,9,4500,40500,0.07,2835.0,37665.0,10296.31,27368.69,72.66
ORD-2023-1869,2023-11-27,Horizon Media Network,Mid-Market,North America,Hardware & Infrastructure,Edge AI Gateway Server,3,6500,19500,0.149,2905.5,16594.5,15227.81,1366.69,8.24
ORD-2023-1706,2023-11-28,Orion Consumer Goods,Enterprise,Latin America,Hardware & Infrastructure,Industrial IoT Sensor Pack,7,1200,8400,0.315,2646.0,5754.0,6468.47,-714.47,-12.42
ORD-2023-1789,2023-11-28,Global Wholesale Direct,Enterprise,Latin America,Professional Services,Custom Integration Toolkit,15,2500,37500,0.366,13725.0,23775.0,22081.4,1693.6,7.12
ORD-2023-2433,2023-11-28,Global Wholesale Direct,Enterprise,Asia-Pacific,Professional Services,Architecture Review & Audit,15,3500,52500,0.426,22365.0,30135.0,27688.34,2446.66,8.12
ORD-2023-1564,2023-11-28,Apex Global Tech,Mid-Market,North America,Workplace & Office Solutions,Ergonomic Smart Desk Suite,3,1600,4800,0.026,124.8,4675.2,4357.38,317.82,6.8
ORD-2023-1945,2023-11-28,Beacon Healthcare,Mid-Market,Asia-Pacific,Enterprise Software,DevOps Automation Hub,5,1900,9500,0.089,845.5,8654.5,3005.05,5649.45,65.28
ORD-2023-1616,2023-11-29,Zenith Biopharma,Enterprise,Asia-Pacific,Hardware & Infrastructure,NVMe SAN Storage Array,6,8200,49200,0.097,4772.4,44427.6,41953.69,2473.91,5.57
ORD-2023-2263,2023-11-29,Titan Energy Partners,Enterprise,Middle East & Africa,Hardware & Infrastructure,Industrial IoT Sensor Pack,6,1200,7200,0.036,259.2,6940.8,5538.33,1402.47,20.21
ORD-2023-1156,2023-11-29,Beacon Healthcare,Enterprise,Asia-Pacific,Hardware & Infrastructure,NVMe SAN Storage Array,12,8200,98400,0.059,5805.6,92594.4,85090.33,7504.07,8.1
ORD-2023-1346,2023-11-30,FinTech Innovations,Mid-Market,North America,Enterprise Software,CyberSecurity Platform,3,3200,9600,0.02,192.0,9408.0,2749.72,6658.28,70.77
ORD-2023-2032,2023-11-30,Synergy BioLabs,Mid-Market,Europe,Workplace & Office Solutions,Executive Telepresence Unit,1,2900,2900,0.009,26.1,2873.9,2554.69,319.21,11.11
ORD-2023-2168,2023-11-30,Global Wholesale Direct,Enterprise,North America,Professional Services,Cloud Migration Sprint,16,5000,80000,0.442,35360.0,44640.0,43920.25,719.75,1.61
ORD-2023-1819,2023-11-30,Apex Global Tech,Mid-Market,North America,Professional Services,Architecture Review & Audit,4,3500,14000,0.034,476.0,13524.0,7061.94,6462.06,47.78
ORD-2023-1404,2023-12-01,Acrobat Logistics Group,Enterprise,Latin America,Professional Services,24/7 Managed SRE Support,7,4000,28000,0.132,3696.0,24304.0,16553.95,7750.05,31.89
ORD-2023-1826,2023-12-02,Zenith Biopharma,Mid-Market,Asia-Pacific,Workplace & Office Solutions,Executive Telepresence Unit,4,2900,11600,0.08,928.0,10672.0,9593.35,1078.65,10.11
ORD-2023-1075,2023-12-02,Nexus Telecom,Enterprise,Asia-Pacific,Enterprise Software,Analytics Cloud Pro,7,2800,19600,0.101,1979.6,17620.4,4863.2,12757.2,72.4
ORD-2023-2072,2023-12-03,Beacon Healthcare,Enterprise,Asia-Pacific,Professional Services,24/7 Managed SRE Support,9,4000,36000,0.048,1728.0,34272.0,21795.68,12476.32,36.4
ORD-2023-1272,2023-12-04,Acrobat Logistics Group,Mid-Market,Latin America,Hardware & Infrastructure,Industrial IoT Sensor Pack,5,1200,6000,0.13,780.0,5220.0,4281.69,938.31,17.98
ORD-2023-1160,2023-12-04,Nexus Telecom,Mid-Market,Asia-Pacific,Professional Services,Architecture Review & Audit,1,3500,3500,0.147,514.5,2985.5,1806.13,1179.37,39.5
ORD-2023-1070,2023-12-05,Orion Consumer Goods,Enterprise,Latin America,Enterprise Software,DevOps Automation Hub,7,1900,13300,0.174,2314.2,10985.8,4217.01,6768.79,61.61
ORD-2023-1727,2023-12-05,Vanguard Financial Systems,Enterprise,North America,Enterprise Software,CyberSecurity Platform,6,3200,19200,0.06,1152.0,18048.0,6098.41,11949.59,66.21
ORD-2023-2271,2023-12-06,Budget Office Outlet,Mid-Market,Europe,Workplace & Office Solutions,Executive Telepresence Unit,5,2900,14500,0.396,5742.0,8758.0,12025.77,-3267.77,-37.31
ORD-2023-1453,2023-12-06,MegaRetail Logistics,Enterprise,North America,Workplace & Office Solutions,Ergonomic Smart Desk Suite,10,1600,16000,0.424,6784.0,9216.0,12911.51,-3695.51,-40.1
ORD-2023-1730,2023-12-06,Vanguard Financial Systems,Enterprise,North America,Professional Services,Cloud Migration Sprint,6,5000,30000,0.058,1740.0,28260.0,17899.46,10360.54,36.66
ORD-2023-2074,2023-12-06,Apex Global Tech,Enterprise,North America,Hardware & Infrastructure,High-Density Rack Switch,10,3800,38000,0.068,2584.0,35416.0,30964.92,4451.08,12.57
ORD-2023-2175,2023-12-07,Precision Robotics Ltd,Mid-Market,Asia-Pacific,Hardware & Infrastructure,Industrial IoT Sensor Pack,1,1200,1200,0.064,76.8,1123.2,964.02,159.18,14.17
ORD-2023-1745,2023-12-07,Beacon Healthcare,Enterprise,Asia-Pacific,Workplace & Office Solutions,Conference Audio Matrix,7,1100,7700,0.081,623.7,7076.3,6203.93,872.37,12.33
ORD-2023-1832,2023-12-07,MegaRetail Logistics,Enterprise,North America,Enterprise Software,Cloud ERP Suite,10,4500,45000,0.396,17820.0,27180.0,11862.68,15317.32,56.36
ORD-2023-1790,2023-12-07,Cascade Industrial Works,Enterprise,Middle East & Africa,Enterprise Software,DevOps Automation Hub,7,1900,13300,0.19,2527.0,10773.0,4131.0,6642.0,61.65
ORD-2023-1328,2023-12-07,FinTech Innovations,Mid-Market,North America,Professional Services,Cloud Migration Sprint,4,5000,20000,0.052,1040.0,18960.0,11193.12,7766.88,40.96
ORD-2023-1726,2023-12-08,Horizon Media Network,Mid-Market,North America,Professional Services,Cloud Migration Sprint,2,5000,10000,0.101,1010.0,8990.0,5847.36,3142.64,34.96
ORD-2023-1997,2023-12-09,Zenith Biopharma,Enterprise,Asia-Pacific,Enterprise Software,CyberSecurity Platform,6,3200,19200,0.107,2054.4,17145.6,5506.13,11639.47,67.89
ORD-2023-2393,2023-12-09,Vanguard Financial Systems,Enterprise,North America,Enterprise Software,DevOps Automation Hub,9,1900,17100,0.011,188.1,16911.9,5814.01,11097.89,65.62
ORD-2023-1835,2023-12-09,Global Wholesale Direct,Enterprise,Asia-Pacific,Enterprise Software,CyberSecurity Platform,6,3200,19200,0.363,6969.6,12230.4,5499.15,6731.25,55.04
ORD-2023-1833,2023-12-10,Vanguard Financial Systems,Enterprise,North America,Hardware & Infrastructure,Edge AI Gateway Server,12,6500,78000,0.054,4212.0,73788.0,55130.43,18657.57,25.29
ORD-2023-1267,2023-12-10,Budget Office Outlet,Mid-Market,North America,Enterprise Software,Analytics Cloud Pro,2,2800,5600,0.357,1999.2,3600.8,1510.02,2090.78,58.06
ORD-2023-2396,2023-12-10,Acrobat Logistics Group,Mid-Market,Latin America,Enterprise Software,Cloud ERP Suite,5,4500,22500,0.145,3262.5,19237.5,6273.16,12964.34,67.39
ORD-2023-1910,2023-12-11,OmniCorp International,Enterprise,Middle East & Africa,Enterprise Software,Cloud ERP Suite,13,4500,58500,0.326,19071.0,39429.0,15968.72,23460.28,59.5
ORD-2023-2242,2023-12-11,Sterling & Cross Partners,Mid-Market,Europe,Professional Services,Architecture Review & Audit,4,3500,14000,0.088,1232.0,12768.0,6897.42,5870.58,45.98
ORD-2023-2496,2023-12-11,Starlight Media,Enterprise,Latin America,Professional Services,Cloud Migration Sprint,6,5000,30000,0.468,14040.0,15960.0,17306.72,-1346.72,-8.44
ORD-2023-1907,2023-12-11,Acrobat Logistics Group,Mid-Market,Latin America,Workplace & Office Solutions,Ergonomic Smart Desk Suite,4,1600,6400,0.15,960.0,5440.0,5699.64,-259.64,-4.77
ORD-2023-1367,2023-12-12,Cascade Industrial Works,Mid-Market,Middle East & Africa,Professional Services,24/7 Managed SRE Support,5,4000,20000,0.145,2900.0,17100.0,11603.73,5496.27,32.14
ORD-2023-2163,2023-12-12,OmniCorp International,Enterprise,Europe,Professional Services,Custom Integration Toolkit,11,2500,27500,0.383,10532.5,16967.5,15303.77,1663.73,9.81
ORD-2023-1302,2023-12-12,Apex Horizon Distribution,Enterprise,Latin America,Hardware & Infrastructure,Industrial IoT Sensor Pack,12,1200,14400,0.294,4233.6,10166.4,11616.98,-1450.58,-14.27
ORD-2023-1454,2023-12-12,Zenith Biopharma,Mid-Market,Asia-Pacific,Professional Services,24/7 Managed SRE Support,1,4000,4000,0.107,428.0,3572.0,2374.55,1197.45,33.52
ORD-2023-2270,2023-12-13,Titan Energy Partners,Enterprise,Middle East & Africa,Enterprise Software,Cloud ERP Suite,11,4500,49500,0.071,3514.5,45985.5,12685.8,33299.7,72.41
ORD-2023-1743,2023-12-13,Pinnacle Manufacturing,Mid-Market,North America,Hardware & Infrastructure,Edge AI Gateway Server,5,6500,32500,0.109,3542.5,28957.5,22958.27,5999.23,20.72
ORD-2023-1515,2023-12-13,Apex Global Tech,Enterprise,North America,Workplace & Office Solutions,Executive Telepresence Unit,14,2900,40600,0.026,1055.6,39544.4,34433.12,5111.28,12.93
ORD-2023-1185,2023-12-13,Beacon Healthcare,Enterprise,Asia-Pacific,Professional Services,Custom Integration Toolkit,9,2500,22500,0.074,1665.0,20835.0,12055.77,8779.23,42.14
ORD-2023-1504,2023-12-13,Acrobat Logistics Group,Mid-Market,Latin America,Professional Services,Cloud Migration Sprint,4,5000,20000,0.152,3040.0,16960.0,11642.08,5317.92,31.36
ORD-2023-1124,2023-12-13,Quantum Dynamics,Enterprise,Europe,Enterprise Software,DevOps Automation Hub,7,1900,13300,0.074,984.2,12315.8,4207.03,8108.77,65.84
ORD-2023-1801,2023-12-14,Nexus Telecom,Mid-Market,Asia-Pacific,Workplace & Office Solutions,Ergonomic Smart Desk Suite,1,1600,1600,0.086,137.6,1462.4,1420.76,41.64,2.85
ORD-2023-1731,2023-12-14,Vanguard Financial Systems,Mid-Market,North America,Hardware & Infrastructure,NVMe SAN Storage Array,3,8200,24600,0.069,1697.4,22902.6,21350.94,1551.66,6.78
ORD-2023-1016,2023-12-15,Vanguard Financial Systems,Enterprise,North America,Enterprise Software,Analytics Cloud Pro,13,2800,36400,0.017,618.8,35781.2,9159.33,26621.87,74.4
ORD-2023-1435,2023-12-17,Quantum Dynamics,Mid-Market,Europe,Professional Services,Cloud Migration Sprint,4,5000,20000,0.042,840.0,19160.0,11186.67,7973.33,41.61
ORD-2023-2322,2023-12-17,Vanguard Financial Systems,Enterprise,North America,Enterprise Software,Cloud ERP Suite,9,4500,40500,0.068,2754.0,37746.0,10676.85,27069.15,71.71
ORD-2023-1183,2023-12-18,Zenith Biopharma,Mid-Market,Asia-Pacific,Enterprise Software,DevOps Automation Hub,2,1900,3800,0.119,452.2,3347.8,1153.16,2194.64,65.55
ORD-2023-2351,2023-12-18,Horizon Media Network,Mid-Market,North America,Hardware & Infrastructure,Edge AI Gateway Server,2,6500,13000,0.159,2067.0,10933.0,9723.92,1209.08,11.06
ORD-2023-1770,2023-12-18,Acrobat Logistics Group,Mid-Market,Latin America,Enterprise Software,Analytics Cloud Pro,1,2800,2800,0.154,431.2,2368.8,665.98,1702.82,71.89
ORD-2023-1843,2023-12-18,Vanguard Financial Systems,Enterprise,Middle East & Africa,Professional Services,Custom Integration Toolkit,12,2500,30000,0.049,1470.0,28530.0,17678.42,10851.58,38.04
ORD-2023-1373,2023-12-18,Quantum Dynamics,Mid-Market,Europe,Workplace & Office Solutions,Ergonomic Smart Desk Suite,3,1600,4800,0.087,417.6,4382.4,4367.76,14.64,0.33
ORD-2023-1340,2023-12-18,Quantum Dynamics,Enterprise,North America,Hardware & Infrastructure,NVMe SAN Storage Array,7,8200,57400,0.062,3558.8,53841.2,47183.92,6657.28,12.36
ORD-2023-1291,2023-12-19,Apex Global Tech,Mid-Market,Europe,Workplace & Office Solutions,Modular Acoustic Pods,3,4200,12600,0.076,957.6,11642.4,11202.56,439.84,3.78
ORD-2023-1548,2023-12-19,Starlight Media,Mid-Market,Latin America,Enterprise Software,Analytics Cloud Pro,4,2800,11200,0.392,4390.4,6809.6,2989.65,3819.95,56.1
ORD-2023-1444,2023-12-19,OmniCorp International,Enterprise,Europe,Enterprise Software,Cloud ERP Suite,14,4500,63000,0.417,26271.0,36729.0,16864.15,19864.85,54.08
ORD-2023-1837,2023-12-20,Zenith Biopharma,Enterprise,Asia-Pacific,Enterprise Software,Cloud ERP Suite,6,4500,27000,0.082,2214.0,24786.0,7309.36,17476.64,70.51
ORD-2023-1207,2023-12-20,Quantum Dynamics,Mid-Market,Europe,Enterprise Software,Analytics Cloud Pro,4,2800,11200,0.047,526.4,10673.6,2899.19,7774.41,72.84
ORD-2023-1119,2023-12-20,Helios Solar Tech,Enterprise,Europe,Hardware & Infrastructure,Industrial IoT Sensor Pack,8,1200,9600,0.11,1056.0,8544.0,7554.05,989.95,11.59
ORD-2023-1505,2023-12-21,Discount Express Corp,Enterprise,Middle East & Africa,Workplace & Office Solutions,Executive Telepresence Unit,8,2900,23200,0.526,12203.2,10996.8,20254.3,-9257.5,-84.18
ORD-2023-1082,2023-12-22,Precision Robotics Ltd,Mid-Market,Asia-Pacific,Professional Services,Cloud Migration Sprint,1,5000,5000,0.047,235.0,4765.0,2900.79,1864.21,39.12
ORD-2023-2403,2023-12-22,Apex Global Tech,Enterprise,North America,Workplace & Office Solutions,Modular Acoustic Pods,12,4200,50400,0.037,1864.8,48535.2,46484.54,2050.66,4.23
ORD-2023-1283,2023-12-23,OmniCorp International,Enterprise,Europe,Enterprise Software,CyberSecurity Platform,14,3200,44800,0.3,13440.0,31360.0,14351.63,17008.37,54.24
ORD-2023-2328,2023-12-23,Sterling & Cross Partners,Mid-Market,Europe,Hardware & Infrastructure,Industrial IoT Sensor Pack,4,1200,4800,0.069,331.2,4468.8,3509.46,959.34,21.47
ORD-2023-1648,2023-12-23,Discount Express Corp,Mid-Market,Middle East & Africa,Workplace & Office Solutions,Executive Telepresence Unit,3,2900,8700,0.451,3923.7,4776.3,7430.05,-2653.75,-55.56
ORD-2023-1466,2023-12-24,OmniCorp International,Enterprise,Asia-Pacific,Workplace & Office Solutions,Modular Acoustic Pods,17,4200,71400,0.358,25561.2,45838.8,59876.07,-14037.27,-30.62
ORD-2023-2401,2023-12-24,Vanguard Financial Systems,Enterprise,Middle East & Africa,Workplace & Office Solutions,Executive Telepresence Unit,7,2900,20300,0.063,1278.9,19021.1,17164.29,1856.81,9.76
ORD-2023-1715,2023-12-24,OmniCorp International,Mid-Market,North America,Hardware & Infrastructure,High-Density Rack Switch,4,3800,15200,0.286,4347.2,10852.8,13156.37,-2303.57,-21.23
ORD-2023-1677,2023-12-25,Quantum Dynamics,Mid-Market,Europe,Enterprise Software,Analytics Cloud Pro,5,2800,14000,0.073,1022.0,12978.0,3775.52,9202.48,70.91
ORD-2023-1162,2023-12-25,Precision Robotics Ltd,Mid-Market,Asia-Pacific,Workplace & Office Solutions,Executive Telepresence Unit,1,2900,2900,0.062,179.8,2720.2,2444.57,275.63,10.13
ORD-2023-2227,2023-12-25,MegaRetail Logistics,Mid-Market,North America,Professional Services,Cloud Migration Sprint,4,5000,20000,0.46,9200.0,10800.0,10911.05,-111.05,-1.03
ORD-2023-1358,2023-12-26,Apex Horizon Distribution,Enterprise,Latin America,Enterprise Software,CyberSecurity Platform,7,3200,22400,0.396,8870.4,13529.6,6845.07,6684.53,49.41
ORD-2023-1615,2023-12-26,Helios Solar Tech,Mid-Market,Europe,Enterprise Software,DevOps Automation Hub,2,1900,3800,0.158,600.4,3199.6,1290.25,1909.35,59.67
ORD-2023-1433,2023-12-26,FinTech Innovations,Mid-Market,North America,Workplace & Office Solutions,Modular Acoustic Pods,4,4200,16800,0.037,621.6,16178.4,13869.87,2308.53,14.27
ORD-2023-1208,2023-12-27,Starlight Media,Mid-Market,Latin America,Professional Services,Architecture Review & Audit,1,3500,3500,0.459,1606.5,1893.5,1900.36,-6.86,-0.36
ORD-2023-1303,2023-12-27,Apex Horizon Distribution,Enterprise,Latin America,Workplace & Office Solutions,Modular Acoustic Pods,6,4200,25200,0.279,7030.8,18169.2,22542.64,-4373.44,-24.07
ORD-2023-1687,2023-12-27,Apex Horizon Distribution,Enterprise,Latin America,Hardware & Infrastructure,Edge AI Gateway Server,9,6500,58500,0.31,18135.0,40365.0,46633.5,-6268.5,-15.53
ORD-2023-1771,2023-12-28,Quantum Dynamics,Enterprise,Europe,Workplace & Office Solutions,Conference Audio Matrix,9,1100,9900,0.097,960.3,8939.7,8061.33,878.37,9.83
ORD-2023-2281,2023-12-28,FinTech Innovations,Mid-Market,North America,Hardware & Infrastructure,High-Density Rack Switch,4,3800,15200,0.026,395.2,14804.8,12463.22,2341.58,15.82
ORD-2023-1836,2023-12-28,MegaRetail Logistics,Enterprise,North America,Hardware & Infrastructure,High-Density Rack Switch,9,3800,34200,0.462,15800.4,18399.6,28331.43,-9931.83,-53.98
ORD-2023-1600,2023-12-29,Apex Global Tech,Enterprise,North America,Hardware & Infrastructure,Industrial IoT Sensor Pack,8,1200,9600,0.033,316.8,9283.2,7377.0,1906.2,20.53
ORD-2023-1474,2023-12-30,Helios Solar Tech,Mid-Market,Europe,Professional Services,Cloud Migration Sprint,4,5000,20000,0.1,2000.0,18000.0,11908.81,6091.19,33.84
ORD-2023-1602,2023-12-31,Titan Energy Partners,Enterprise,Middle East & Africa,Hardware & Infrastructure,High-Density Rack Switch,6,3800,22800,0.029,661.2,22138.8,17927.97,4210.83,19.02
ORD-2023-2460,2024-01-01,Starlight Media,Enterprise,Latin America,Professional Services,Architecture Review & Audit,8,3500,28000,0.53,14840.0,13160.0,15287.6,-2127.6,-16.17
ORD-2023-1498,2024-01-02,Quantum Dynamics,Enterprise,Europe,Hardware & Infrastructure,High-Density Rack Switch,8,3800,30400,0.093,2827.2,27572.8,26639.21,933.59,3.39
ORD-2023-1133,2024-01-03,Quantum Dynamics,Enterprise,Europe,Hardware & Infrastructure,Industrial IoT Sensor Pack,12,1200,14400,0.07,1008.0,13392.0,11653.74,1738.26,12.98
ORD-2023-1005,2024-01-03,Vanguard Financial Systems,Mid-Market,North America,Enterprise Software,DevOps Automation Hub,4,1900,7600,0.061,463.6,7136.4,2468.36,4668.04,65.41
ORD-2023-1299,2024-01-04,FinTech Innovations,Mid-Market,North America,Professional Services,24/7 Managed SRE Support,3,4000,12000,0.036,432.0,11568.0,7305.45,4262.55,36.85
ORD-2023-1614,2024-01-04,Quantum Dynamics,Enterprise,Europe,Professional Services,24/7 Managed SRE Support,8,4000,32000,0.069,2208.0,29792.0,20565.88,9226.12,30.97
ORD-2023-1717,2024-01-04,Acrobat Logistics Group,Enterprise,Latin America,Professional Services,Architecture Review & Audit,8,3500,28000,0.193,5404.0,22596.0,13854.33,8741.67,38.69
ORD-2023-2076,2024-01-04,MegaRetail Logistics,Enterprise,North America,Workplace & Office Solutions,Executive Telepresence Unit,14,2900,40600,0.308,12504.8,28095.2,32717.37,-4622.17,-16.45
ORD-2023-1554,2024-01-04,Apex Horizon Distribution,Enterprise,Latin America,Workplace & Office Solutions,Conference Audio Matrix,17,1100,18700,0.273,5105.1,13594.9,15104.39,-1509.49,-11.1
ORD-2023-2164,2024-01-05,Pinnacle Manufacturing,Mid-Market,North America,Professional Services,24/7 Managed SRE Support,4,4000,16000,0.12,1920.0,14080.0,9592.29,4487.71,31.87
ORD-2023-1370,2024-01-05,Quantum Dynamics,Mid-Market,Asia-Pacific,Hardware & Infrastructure,NVMe SAN Storage Array,4,8200,32800,0.048,1574.4,31225.6,27554.18,3671.42,11.76
ORD-2023-1439,2024-01-05,Nexus Telecom,Mid-Market,Asia-Pacific,Workplace & Office Solutions,Executive Telepresence Unit,1,2900,2900,0.08,232.0,2668.0,2355.41,312.59,11.72
ORD-2023-1226,2024-01-05,Beacon Healthcare,Mid-Market,Asia-Pacific,Hardware & Infrastructure,Industrial IoT Sensor Pack,3,1200,3600,0.068,244.8,3355.2,2694.49,660.71,19.69
ORD-2023-1641,2024-01-05,Apex Global Tech,Enterprise,North America,Workplace & Office Solutions,Conference Audio Matrix,6,1100,6600,0.073,481.8,6118.2,5417.61,700.59,11.45
ORD-2023-2348,2024-01-06,OmniCorp International,Enterprise,North America,Enterprise Software,DevOps Automation Hub,17,1900,32300,0.435,14050.5,18249.5,9965.77,8283.73,45.39
ORD-2023-1153,2024-01-06,Vanguard Financial Systems,Enterprise,North America,Enterprise Software,DevOps Automation Hub,10,1900,19000,0.041,779.0,18221.0,5785.06,12435.94,68.25
ORD-2023-2247,2024-01-06,Vanguard Financial Systems,Enterprise,North America,Hardware & Infrastructure,NVMe SAN Storage Array,8,8200,65600,0.055,3608.0,61992.0,56666.03,5325.97,8.59
ORD-2023-1189,2024-01-06,Apex Horizon Distribution,Enterprise,Latin America,Enterprise Software,DevOps Automation Hub,12,1900,22800,0.253,5768.4,17031.6,7129.1,9902.5,58.14
ORD-2023-2284,2024-01-06,Apex Global Tech,Enterprise,North America,Hardware & Infrastructure,Edge AI Gateway Server,6,6500,39000,0.02,780.0,38220.0,31081.18,7138.82,18.68
ORD-2023-1874,2024-01-07,MegaRetail Logistics,Enterprise,North America,Professional Services,24/7 Managed SRE Support,15,4000,60000,0.325,19500.0,40500.0,36268.27,4231.73,10.45
ORD-2023-1511,2024-01-08,FinTech Innovations,Mid-Market,Asia-Pacific,Hardware & Infrastructure,Industrial IoT Sensor Pack,3,1200,3600,0.051,183.6,3416.4,2851.62,564.78,16.53
ORD-2023-1560,2024-01-08,FinTech Innovations,Mid-Market,Europe,Workplace & Office Solutions,Ergonomic Smart Desk Suite,4,1600,6400,0.035,224.0,6176.0,5595.2,580.8,9.4
ORD-2023-1008,2024-01-09,Horizon Media Network,Enterprise,North America,Workplace & Office Solutions,Conference Audio Matrix,8,1100,8800,0.085,748.0,8052.0,6774.06,1277.94,15.87
ORD-2023-2353,2024-01-09,MegaRetail Logistics,Enterprise,North America,Enterprise Software,CyberSecurity Platform,7,3200,22400,0.321,7190.4,15209.6,6505.06,8704.54,57.23
ORD-2023-1676,2024-01-10,Orion Consumer Goods,Enterprise,North America,Enterprise Software,DevOps Automation Hub,7,1900,13300,0.155,2061.5,11238.5,4165.12,7073.38,62.94
ORD-2023-1627,2024-01-10,Global Wholesale Direct,Enterprise,Asia-Pacific,Enterprise Software,DevOps Automation Hub,8,1900,15200,0.394,5988.8,9211.2,4657.17,4554.03,49.44
ORD-2023-1834,2024-01-10,Vanguard Financial Systems,Enterprise,Asia-Pacific,Enterprise Software,Cloud ERP Suite,9,4500,40500,0.038,1539.0,38961.0,10317.39,28643.61,73.52
ORD-2023-2251,2024-01-10,Sterling & Cross Partners,Enterprise,Europe,Workplace & Office Solutions,Conference Audio Matrix,6,1100,6600,0.09,594.0,6006.0,5320.59,685.41,11.41
ORD-2023-1838,2024-01-12,OmniCorp International,Enterprise,Latin America,Professional Services,Custom Integration Toolkit,13,2500,32500,0.416,13520.0,18980.0,19526.73,-546.73,-2.88
ORD-2023-2090,2024-01-12,Beacon Healthcare,Enterprise,Asia-Pacific,Workplace & Office Solutions,Modular Acoustic Pods,9,4200,37800,0.08,3024.0,34776.0,32115.29,2660.71,7.65
ORD-2023-2178,2024-01-12,Quantum Dynamics,Enterprise,Europe,Hardware & Infrastructure,Edge AI Gateway Server,12,6500,78000,0.039,3042.0,74958.0,57066.53,17891.47,23.87
ORD-2023-1274,2024-01-12,Zenith Biopharma,Mid-Market,Asia-Pacific,Professional Services,Cloud Migration Sprint,5,5000,25000,0.093,2325.0,22675.0,13698.81,8976.19,39.59
ORD-2023-1397,2024-01-13,Horizon Media Network,Mid-Market,North America,Enterprise Software,DevOps Automation Hub,1,1900,1900,0.088,167.2,1732.8,613.98,1118.82,64.57
ORD-2023-1090,2024-01-13,Global Wholesale Direct,Enterprise,Asia-Pacific,Hardware & Infrastructure,NVMe SAN Storage Array,14,8200,114800,0.405,46494.0,68306.0,98437.32,-30131.32,-44.11
ORD-2023-2014,2024-01-14,Apex Global Tech,Mid-Market,Latin America,Hardware & Infrastructure,Industrial IoT Sensor Pack,4,1200,4800,0.061,292.8,4507.2,3681.6,825.6,18.32
ORD-2023-1775,2024-01-14,Sterling & Cross Partners,Enterprise,Europe,Hardware & Infrastructure,High-Density Rack Switch,8,3800,30400,0.123,3739.2,26660.8,24402.28,2258.52,8.47
ORD-2023-1300,2024-01-15,Quantum Dynamics,Enterprise,Europe,Workplace & Office Solutions,Conference Audio Matrix,6,1100,6600,0.052,343.2,6256.8,4875.31,1381.49,22.08
ORD-2023-1603,2024-01-16,Vanguard Financial Systems,Enterprise,Latin America,Enterprise Software,Cloud ERP Suite,10,4500,45000,0.047,2115.0,42885.0,12168.05,30716.95,71.63
ORD-2023-1402,2024-01-17,Zenith Biopharma,Enterprise,Asia-Pacific,Enterprise Software,CyberSecurity Platform,7,3200,22400,0.082,1836.8,20563.2,6964.06,13599.14,66.13
ORD-2023-1609,2024-01-17,Global Wholesale Direct,Enterprise,Asia-Pacific,Workplace & Office Solutions,Executive Telepresence Unit,10,2900,29000,0.386,11194.0,17806.0,24550.89,-6744.89,-37.88
ORD-2023-1457,2024-01-18,Apex Global Tech,Enterprise,North America,Workplace & Office Solutions,Modular Acoustic Pods,11,4200,46200,0.069,3187.8,43012.2,40272.61,2739.59,6.37
ORD-2023-1275,2024-01-18,Global Wholesale Direct,Enterprise,Asia-Pacific,Hardware & Infrastructure,Industrial IoT Sensor Pack,15,1200,18000,0.395,7110.0,10890.0,13788.91,-2898.91,-26.62
ORD-2023-2482,2024-01-19,Quantum Dynamics,Enterprise,Europe,Professional Services,Custom Integration Toolkit,13,2500,32500,0.063,2047.5,30452.5,19593.3,10859.2,35.66
ORD-2023-2019,2024-01-19,Zenith Biopharma,Mid-Market,Asia-Pacific,Enterprise Software,Analytics Cloud Pro,5,2800,14000,0.071,994.0,13006.0,3546.1,9459.9,72.73
ORD-2023-1734,2024-01-19,Global Wholesale Direct,Mid-Market,Asia-Pacific,Professional Services,Architecture Review & Audit,5,3500,17500,0.461,8067.5,9432.5,9460.01,-27.51,-0.29
ORD-2023-2192,2024-01-20,Apex Horizon Distribution,Enterprise,Latin America,Professional Services,Architecture Review & Audit,14,3500,49000,0.382,18718.0,30282.0,27187.05,3094.95,10.22
ORD-2023-1860,2024-01-20,Quantum Dynamics,Enterprise,Middle East & Africa,Professional Services,Cloud Migration Sprint,12,5000,60000,0.036,2160.0,57840.0,33708.52,24131.48,41.72
ORD-2023-1400,2024-01-21,Pinnacle Manufacturing,Mid-Market,North America,Enterprise Software,Analytics Cloud Pro,1,2800,2800,0.136,380.8,2419.2,731.18,1688.02,69.78
ORD-2023-1188,2024-01-21,Apex Horizon Distribution,Enterprise,Latin America,Hardware & Infrastructure,Edge AI Gateway Server,8,6500,52000,0.359,18668.0,33332.0,37117.95,-3785.95,-11.36
ORD-2023-1331,2024-01-21,OmniCorp International,Enterprise,Europe,Workplace & Office Solutions,Executive Telepresence Unit,9,2900,26100,0.328,8560.8,17539.2,23200.19,-5660.99,-32.28
ORD-2023-1311,2024-01-22,MegaRetail Logistics,Enterprise,North America,Enterprise Software,DevOps Automation Hub,10,1900,19000,0.399,7581.0,11419.0,5743.77,5675.23,49.7
ORD-2023-2400,2024-01-22,Nexus Telecom,Mid-Market,Asia-Pacific,Hardware & Infrastructure,Edge AI Gateway Server,4,6500,26000,0.144,3744.0,22256.0,20649.77,1606.23,7.22
ORD-2023-2454,2024-01-22,Apex Horizon Distribution,Enterprise,Latin America,Enterprise Software,DevOps Automation Hub,16,1900,30400,0.368,11187.2,19212.8,9656.29,9556.51,49.74
ORD-2023-1906,2024-01-22,Helios Solar Tech,Enterprise,Europe,Workplace & Office Solutions,Ergonomic Smart Desk Suite,6,1600,9600,0.131,1257.6,8342.4,8034.51,307.89,3.69
ORD-2023-2160,2024-01-22,Apex Global Tech,Mid-Market,Europe,Enterprise Software,Analytics Cloud Pro,4,2800,11200,0.027,302.4,10897.6,2683.39,8214.21,75.38
ORD-2023-2484,2024-01-23,Apex Global Tech,Enterprise,North America,Professional Services,24/7 Managed SRE Support,6,4000,24000,0.07,1680.0,22320.0,13741.03,8578.97,38.44
ORD-2023-2453,2024-01-24,Helios Solar Tech,Mid-Market,Europe,Enterprise Software,Cloud ERP Suite,4,4500,18000,0.141,2538.0,15462.0,5020.46,10441.54,67.53
ORD-2023-1259,2024-01-24,Apex Horizon Distribution,Enterprise,Asia-Pacific,Professional Services,Cloud Migration Sprint,13,5000,65000,0.402,26130.0,38870.0,36446.93,2423.07,6.23
ORD-2023-1058,2024-01-24,Vanguard Financial Systems,Enterprise,North America,Hardware & Infrastructure,High-Density Rack Switch,9,3800,34200,0.051,1744.2,32455.8,29779.48,2676.32,8.25
ORD-2023-1086,2024-01-24,Titan Energy Partners,Enterprise,Asia-Pacific,Workplace & Office Solutions,Executive Telepresence Unit,10,2900,29000,0.04,1160.0,27840.0,24849.37,2990.63,10.74
ORD-2023-2223,2024-01-24,MegaRetail Logistics,Enterprise,North America,Enterprise Software,DevOps Automation Hub,11,1900,20900,0.331,6917.9,13982.1,7102.03,6880.07,49.21
ORD-2023-1071,2024-01-25,Sterling & Cross Partners,Mid-Market,Europe,Workplace & Office Solutions,Modular Acoustic Pods,1,4200,4200,0.093,390.6,3809.4,3861.2,-51.8,-1.36
ORD-2023-1319,2024-01-25,Vanguard Financial Systems,Mid-Market,North America,Workplace & Office Solutions,Modular Acoustic Pods,5,4200,21000,0.015,315.0,20685.0,18547.56,2137.44,10.33
ORD-2023-1709,2024-01-25,Beacon Healthcare,Enterprise,Asia-Pacific,Hardware & Infrastructure,Industrial IoT Sensor Pack,11,1200,13200,0.042,554.4,12645.6,9624.93,3020.67,23.89
ORD-2023-2145,2024-01-25,Titan Energy Partners,Enterprise,Asia-Pacific,Hardware & Infrastructure,High-Density Rack Switch,7,3800,26600,0.048,1276.8,25323.2,21894.61,3428.59,13.54
ORD-2023-1171,2024-01-25,Discount Express Corp,Mid-Market,Middle East & Africa,Workplace & Office Solutions,Executive Telepresence Unit,3,2900,8700,0.497,4323.9,4376.1,7202.37,-2826.27,-64.58
ORD-2023-2318,2024-01-25,Nexus Telecom,Mid-Market,Asia-Pacific,Hardware & Infrastructure,NVMe SAN Storage Array,1,8200,8200,0.086,705.2,7494.8,7280.25,214.55,2.86
ORD-2023-2176,2024-01-26,Apex Horizon Distribution,Enterprise,Latin America,Enterprise Software,Analytics Cloud Pro,10,2800,28000,0.361,10108.0,17892.0,7364.42,10527.58,58.84
ORD-2023-1962,2024-01-26,Synergy BioLabs,Mid-Market,Europe,Professional Services,Cloud Migration Sprint,1,5000,5000,0.005,25.0,4975.0,2752.88,2222.12,44.67
ORD-2023-2063,2024-01-26,Pinnacle Manufacturing,Mid-Market,North America,Enterprise Software,Cloud ERP Suite,5,4500,22500,0.096,2160.0,20340.0,6181.5,14158.5,69.61
ORD-2023-1668,2024-01-26,Vanguard Financial Systems,Mid-Market,North America,Enterprise Software,Analytics Cloud Pro,3,2800,8400,0.015,126.0,8274.0,2010.27,6263.73,75.7
ORD-2023-1121,2024-01-26,Acrobat Logistics Group,Enterprise,Latin America,Enterprise Software,Analytics Cloud Pro,8,2800,22400,0.139,3113.6,19286.4,5803.17,13483.23,69.91
ORD-2023-1761,2024-01-26,Vanguard Financial Systems,Enterprise,North America,Professional Services,Custom Integration Toolkit,9,2500,22500,0.036,810.0,21690.0,12315.97,9374.03,43.22
ORD-2023-1536,2024-01-26,Cascade Industrial Works,Enterprise,Middle East & Africa,Hardware & Infrastructure,Edge AI Gateway Server,6,6500,39000,0.182,7098.0,31902.0,30898.03,1003.97,3.15
ORD-2023-1442,2024-01-26,Orion Consumer Goods,Enterprise,Latin America,Workplace & Office Solutions,Executive Telepresence Unit,6,2900,17400,0.157,2731.8,14668.2,14816.88,-148.68,-1.01
ORD-2023-2262,2024-01-27,Sterling & Cross Partners,Mid-Market,Europe,Professional Services,Cloud Migration Sprint,2,5000,10000,0.135,1350.0,8650.0,5507.35,3142.65,36.33
ORD-2023-2466,2024-01-27,Apex Global Tech,Mid-Market,North America,Workplace & Office Solutions,Modular Acoustic Pods,3,4200,12600,0.043,541.8,12058.2,10322.36,1735.84,14.4
ORD-2023-1282,2024-01-27,OmniCorp International,Enterprise,Europe,Workplace & Office Solutions,Conference Audio Matrix,18,1100,19800,0.356,7048.8,12751.2,16359.14,-3607.94,-28.29
ORD-2023-2193,2024-01-27,OmniCorp International,Enterprise,Europe,Enterprise Software,DevOps Automation Hub,17,1900,32300,0.327,10562.1,21737.9,10556.14,11181.76,51.44
ORD-2023-2358,2024-01-28,MegaRetail Logistics,Enterprise,North America,Professional Services,Cloud Migration Sprint,13,5000,65000,0.377,24505.0,40495.0,37263.72,3231.28,7.98
ORD-2023-1777,2024-01-28,Beacon Healthcare,Enterprise,Asia-Pacific,Hardware & Infrastructure,Industrial IoT Sensor Pack,9,1200,10800,0.052,561.6,10238.4,8158.51,2079.89,20.31
ORD-2023-1762,2024-01-29,Titan Energy Partners,Enterprise,Middle East & Africa,Hardware & Infrastructure,High-Density Rack Switch,11,3800,41800,0.071,2967.8,38832.2,33992.16,4840.04,12.46
ORD-2023-1928,2024-01-29,Apex Horizon Distribution,Enterprise,Latin America,Enterprise Software,CyberSecurity Platform,8,3200,25600,0.303,7756.8,17843.2,8166.98,9676.22,54.23
ORD-2023-2248,2024-01-29,Apex Global Tech,Enterprise,North America,Hardware & Infrastructure,NVMe SAN Storage Array,6,8200,49200,0.025,1230.0,47970.0,39902.46,8067.54,16.82
ORD-2023-2465,2024-01-29,Orion Consumer Goods,Mid-Market,Latin America,Enterprise Software,Analytics Cloud Pro,5,2800,14000,0.15,2100.0,11900.0,3764.12,8135.88,68.37
ORD-2023-2268,2024-01-29,Global Wholesale Direct,Enterprise,Asia-Pacific,Enterprise Software,Cloud ERP Suite,10,4500,45000,0.324,14580.0,30420.0,12689.44,17730.56,58.29
ORD-2023-2274,2024-01-29,Apex Global Tech,Enterprise,North America,Professional Services,Architecture Review & Audit,13,3500,45500,0.061,2775.5,42724.5,24404.58,18319.92,42.88
ORD-2023-2436,2024-01-29,Apex Global Tech,Mid-Market,North America,Hardware & Infrastructure,Edge AI Gateway Server,5,6500,32500,0.065,2112.5,30387.5,24110.58,6276.92,20.66
ORD-2023-1239,2024-01-29,Summit Capital Advisors,Mid-Market,North America,Enterprise Software,Cloud ERP Suite,3,4500,13500,0.035,472.5,13027.5,3615.69,9411.81,72.25
ORD-2023-2363,2024-01-30,Precision Robotics Ltd,Mid-Market,Asia-Pacific,Professional Services,Architecture Review & Audit,1,3500,3500,0.034,119.0,3381.0,1759.65,1621.35,47.95
ORD-2023-1432,2024-01-31,Pinnacle Manufacturing,Mid-Market,North America,Enterprise Software,Cloud ERP Suite,1,4500,4500,0.099,445.5,4054.5,1205.47,2849.03,70.27
ORD-2023-2426,2024-01-31,Cascade Industrial Works,Enterprise,Middle East & Africa,Professional Services,24/7 Managed SRE Support,7,4000,28000,0.16,4480.0,23520.0,16194.42,7325.58,31.15
ORD-2023-1380,2024-01-31,Titan Energy Partners,Enterprise,Middle East & Africa,Enterprise Software,CyberSecurity Platform,10,3200,32000,0.027,864.0,31136.0,9641.98,21494.02,69.03
ORD-2023-1518,2024-02-01,Acrobat Logistics Group,Mid-Market,Middle East & Africa,Hardware & Infrastructure,High-Density Rack Switch,2,3800,7600,0.166,1261.6,6338.4,6378.57,-40.17,-0.63
ORD-2023-1929,2024-02-02,Precision Robotics Ltd,Mid-Market,Asia-Pacific,Enterprise Software,CyberSecurity Platform,4,3200,12800,0.02,256.0,12544.0,4084.61,8459.39,67.44
ORD-2023-1654,2024-02-02,Pinnacle Manufacturing,Mid-Market,North America,Hardware & Infrastructure,Edge AI Gateway Server,1,6500,6500,0.119,773.5,5726.5,4888.11,838.39,14.64
ORD-2023-2469,2024-02-02,Helios Solar Tech,Mid-Market,Europe,Workplace & Office Solutions,Ergonomic Smart Desk Suite,2,1600,3200,0.166,531.2,2668.8,2892.3,-223.5,-8.37
ORD-2023-1623,2024-02-04,OmniCorp International,Enterprise,Europe,Hardware & Infrastructure,Edge AI Gateway Server,14,6500,91000,0.333,30303.0,60697.0,66001.26,-5304.26,-8.74
ORD-2023-2111,2024-02-05,Acrobat Logistics Group,Mid-Market,Latin America,Workplace & Office Solutions,Conference Audio Matrix,5,1100,5500,0.161,885.5,4614.5,4485.02,129.48,2.81
ORD-2023-1338,2024-02-05,Budget Office Outlet,Enterprise,Europe,Hardware & Infrastructure,Industrial IoT Sensor Pack,6,1200,7200,0.393,2829.6,4370.4,5607.05,-1236.65,-28.3
ORD-2023-2106,2024-02-05,Vanguard Financial Systems,Enterprise,North America,Hardware & Infrastructure,NVMe SAN Storage Array,9,8200,73800,0.019,1402.2,72397.8,59889.04,12508.76,17.28
ORD-2023-1794,2024-02-05,FinTech Innovations,Mid-Market,Latin America,Professional Services,Architecture Review & Audit,3,3500,10500,0.039,409.5,10090.5,5491.8,4598.7,45.57
ORD-2023-2185,2024-02-06,Quantum Dynamics,Mid-Market,Latin America,Professional Services,Architecture Review & Audit,3,3500,10500,0.054,567.0,9933.0,5605.88,4327.12,43.56
ORD-2023-1637,2024-02-06,Apex Horizon Distribution,Enterprise,Latin America,Hardware & Infrastructure,Edge AI Gateway Server,8,6500,52000,0.262,13624.0,38376.0,37439.42,936.58,2.44
ORD-2023-1347,2024-02-06,Precision Robotics Ltd,Mid-Market,Asia-Pacific,Workplace & Office Solutions,Conference Audio Matrix,4,1100,4400,0.049,215.6,4184.4,3383.78,800.62,19.13
ORD-2023-2356,2024-02-07,Helios Solar Tech,Mid-Market,Asia-Pacific,Hardware & Infrastructure,High-Density Rack Switch,5,3800,19000,0.089,1691.0,17309.0,16323.2,985.8,5.7
ORD-2023-1973,2024-02-07,Nexus Telecom,Mid-Market,Asia-Pacific,Workplace & Office Solutions,Executive Telepresence Unit,3,2900,8700,0.085,739.5,7960.5,7380.23,580.27,7.29
ORD-2023-2045,2024-02-07,Helios Solar Tech,Enterprise,Europe,Hardware & Infrastructure,Industrial IoT Sensor Pack,8,1200,9600,0.128,1228.8,8371.2,7576.92,794.28,9.49
ORD-2023-2197,2024-02-08,Orion Consumer Goods,Mid-Market,Middle East & Africa,Hardware & Infrastructure,Industrial IoT Sensor Pack,1,1200,1200,0.176,211.2,988.8,917.76,71.04,7.18
ORD-2023-1246,2024-02-08,Zenith Biopharma,Mid-Market,Middle East & Africa,Enterprise Software,CyberSecurity Platform,2,3200,6400,0.076,486.4,5913.6,2048.74,3864.86,65.36
ORD-2023-2266,2024-02-08,Quantum Dynamics,Mid-Market,Europe,Professional Services,Architecture Review & Audit,5,3500,17500,0.078,1365.0,16135.0,8769.78,7365.22,45.65
ORD-2023-1977,2024-02-09,Synergy BioLabs,Mid-Market,Europe,Workplace & Office Solutions,Conference Audio Matrix,3,1100,3300,0.04,132.0,3168.0,2451.55,716.45,22.62
ORD-2023-1889,2024-02-09,Quantum Dynamics,Mid-Market,Europe,Enterprise Software,Cloud ERP Suite,5,4500,22500,0.058,1305.0,21195.0,6160.63,15034.37,70.93
ORD-2023-2024,2024-02-09,Orion Consumer Goods,Mid-Market,Latin America,Workplace & Office Solutions,Modular Acoustic Pods,4,4200,16800,0.154,2587.2,14212.8,13765.77,447.03,3.15
ORD-2023-2336,2024-02-10,Summit Capital Advisors,Mid-Market,North America,Professional Services,Custom Integration Toolkit,4,2500,10000,0.0,0.0,10000.0,5592.74,4407.26,44.07
ORD-2023-2292,2024-02-10,Vanguard Financial Systems,Mid-Market,North America,Hardware & Infrastructure,High-Density Rack Switch,3,3800,11400,0.06,684.0,10716.0,9657.0,1059.0,9.88
ORD-2023-1425,2024-02-10,Apex Global Tech,Enterprise,North America,Professional Services,Cloud Migration Sprint,8,5000,40000,0.055,2200.0,37800.0,22260.07,15539.93,41.11
ORD-2023-1663,2024-02-11,Synergy BioLabs,Mid-Market,Europe,Professional Services,Custom Integration Toolkit,4,2500,10000,0.0,0.0,10000.0,5345.23,4654.77,46.55
ORD-2023-1583,2024-02-11,Global Wholesale Direct,Enterprise,Latin America,Professional Services,24/7 Managed SRE Support,14,4000,56000,0.456,25536.0,30464.0,33724.98,-3260.98,-10.7
ORD-2023-2143,2024-02-12,Discount Express Corp,Enterprise,Middle East & Africa,Workplace & Office Solutions,Ergonomic Smart Desk Suite,6,1600,9600,0.463,4444.8,5155.2,8190.66,-3035.46,-58.88
ORD-2023-1366,2024-02-12,OmniCorp International,Enterprise,Europe,Professional Services,Cloud Migration Sprint,16,5000,80000,0.317,25360.0,54640.0,45062.24,9577.76,17.53
ORD-2023-2155,2024-02-12,FinTech Innovations,Mid-Market,North America,Hardware & Infrastructure,NVMe SAN Storage Array,2,8200,16400,0.045,738.0,15662.0,13121.52,2540.48,16.22
ORD-2023-1330,2024-02-12,Beacon Healthcare,Mid-Market,Asia-Pacific,Workplace & Office Solutions,Conference Audio Matrix,5,1100,5500,0.088,484.0,5016.0,4198.53,817.47,16.3
ORD-2023-2459,2024-02-12,Beacon Healthcare,Enterprise,Asia-Pacific,Professional Services,Architecture Review & Audit,12,3500,42000,0.064,2688.0,39312.0,20863.63,18448.37,46.93
ORD-2023-1147,2024-02-12,FinTech Innovations,Mid-Market,North America,Professional Services,24/7 Managed SRE Support,1,4000,4000,0.024,96.0,3904.0,2582.08,1321.92,33.86
ORD-2023-1673,2024-02-13,Quantum Dynamics,Enterprise,Europe,Workplace & Office Solutions,Ergonomic Smart Desk Suite,11,1600,17600,0.048,844.8,16755.2,14876.86,1878.34,11.21
ORD-2023-2117,2024-02-13,Quantum Dynamics,Enterprise,Europe,Workplace & Office Solutions,Modular Acoustic Pods,8,4200,33600,0.09,3024.0,30576.0,28845.15,1730.85,5.66
ORD-2023-1336,2024-02-14,Apex Global Tech,Enterprise,North America,Hardware & Infrastructure,Edge AI Gateway Server,12,6500,78000,0.078,6084.0,71916.0,57203.0,14713.0,20.46
ORD-2023-2369,2024-02-14,Vanguard Financial Systems,Enterprise,North America,Professional Services,24/7 Managed SRE Support,8,4000,32000,0.015,480.0,31520.0,20173.44,11346.56,36.0
ORD-2023-2294,2024-02-15,Budget Office Outlet,Mid-Market,Middle East & Africa,Workplace & Office Solutions,Executive Telepresence Unit,4,2900,11600,0.424,4918.4,6681.6,9588.89,-2907.29,-43.51
ORD-2023-1175,2024-02-15,Summit Capital Advisors,Mid-Market,North America,Enterprise Software,CyberSecurity Platform,4,3200,12800,0.021,268.8,12531.2,3805.51,8725.69,69.63
ORD-2023-1244,2024-02-15,OmniCorp International,Mid-Market,Europe,Workplace & Office Solutions,Conference Audio Matrix,4,1100,4400,0.289,1271.6,3128.4,3478.32,-349.92,-11.19
ORD-2023-1110,2024-02-15,Quantum Dynamics,Enterprise,Europe,Workplace & Office Solutions,Conference Audio Matrix,13,1100,14300,0.087,1244.1,13055.9,11287.71,1768.19,13.54
ORD-2023-2086,2024-02-15,Global Wholesale Direct,Enterprise,Asia-Pacific,Workplace & Office Solutions,Modular Acoustic Pods,8,4200,33600,0.435,14616.0,18984.0,30320.1,-11336.1,-59.71
ORD-2023-1912,2024-02-16,Titan Energy Partners,Enterprise,Latin America,Professional Services,Architecture Review & Audit,9,3500,31500,0.035,1102.5,30397.5,16475.37,13922.13,45.8
ORD-2023-2367,2024-02-17,Nexus Telecom,Mid-Market,North America,Workplace & Office Solutions,Conference Audio Matrix,3,1100,3300,0.084,277.2,3022.8,2599.34,423.46,14.01
ORD-2023-2267,2024-02-17,OmniCorp International,Enterprise,Europe,Workplace & Office Solutions,Executive Telepresence Unit,11,2900,31900,0.297,9474.3,22425.7,27448.07,-5022.37,-22.4
ORD-2023-1105,2024-02-17,Zenith Biopharma,Mid-Market,Latin America,Enterprise Software,DevOps Automation Hub,5,1900,9500,0.116,1102.0,8398.0,3045.18,5352.82,63.74
ORD-2023-2191,2024-02-18,Quantum Dynamics,Mid-Market,North America,Professional Services,Custom Integration Toolkit,5,2500,12500,0.047,587.5,11912.5,6758.11,5154.39,43.27
ORD-2023-1073,2024-02-19,Apex Global Tech,Enterprise,North America,Workplace & Office Solutions,Conference Audio Matrix,13,1100,14300,0.063,900.9,13399.1,11704.89,1694.21,12.64
ORD-2023-1173,2024-02-19,Global Wholesale Direct,Enterprise,Asia-Pacific,Professional Services,Custom Integration Toolkit,13,2500,32500,0.448,14560.0,17940.0,18278.26,-338.26,-1.89
ORD-2023-1892,2024-02-19,Horizon Media Network,Enterprise,North America,Workplace & Office Solutions,Conference Audio Matrix,8,1100,8800,0.159,1399.2,7400.8,6912.09,488.71,6.6
ORD-2023-2147,2024-02-19,Sterling & Cross Partners,Enterprise,North America,Enterprise Software,Analytics Cloud Pro,8,2800,22400,0.133,2979.2,19420.8,6004.53,13416.27,69.08
ORD-2023-1592,2024-02-20,Summit Capital Advisors,Mid-Market,North America,Workplace & Office Solutions,Conference Audio Matrix,4,1100,4400,0.023,101.2,4298.8,3458.84,839.96,19.54
ORD-2023-1831,2024-02-20,Beacon Healthcare,Mid-Market,Asia-Pacific,Workplace & Office Solutions,Modular Acoustic Pods,5,4200,21000,0.049,1029.0,19971.0,19139.43,831.57,4.16
ORD-2023-1270,2024-02-20,Titan Energy Partners,Enterprise,Middle East & Africa,Hardware & Infrastructure,High-Density Rack Switch,12,3800,45600,0.07,3192.0,42408.0,37831.9,4576.1,10.79
ORD-2023-1026,2024-02-21,Sterling & Cross Partners,Enterprise,Middle East & Africa,Workplace & Office Solutions,Executive Telepresence Unit,8,2900,23200,0.067,1554.4,21645.6,18866.98,2778.62,12.84
ORD-2023-2326,2024-02-21,OmniCorp International,Enterprise,Europe,Professional Services,Cloud Migration Sprint,16,5000,80000,0.325,26000.0,54000.0,46766.59,7233.41,13.4
ORD-2023-2037,2024-02-21,OmniCorp International,Enterprise,Europe,Hardware & Infrastructure,NVMe SAN Storage Array,13,8200,106600,0.356,37949.6,68650.4,95083.45,-26433.05,-38.5
ORD-2023-2301,2024-02-22,Apex Global Tech,Enterprise,North America,Hardware & Infrastructure,Edge AI Gateway Server,8,6500,52000,0.074,3848.0,48152.0,38993.86,9158.14,19.02
ORD-2023-1580,2024-02-23,Beacon Healthcare,Enterprise,Asia-Pacific,Enterprise Software,Analytics Cloud Pro,12,2800,33600,0.053,1780.8,31819.2,7985.97,23833.23,74.9
ORD-2023-2497,2024-02-23,FinTech Innovations,Mid-Market,North America,Enterprise Software,Analytics Cloud Pro,4,2800,11200,0.042,470.4,10729.6,2929.61,7799.99,72.7
ORD-2023-1399,2024-02-24,Pinnacle Manufacturing,Mid-Market,North America,Hardware & Infrastructure,High-Density Rack Switch,1,3800,3800,0.062,235.6,3564.4,3163.24,401.16,11.25
ORD-2023-1192,2024-02-25,Helios Solar Tech,Mid-Market,Europe,Hardware & Infrastructure,Industrial IoT Sensor Pack,1,1200,1200,0.113,135.6,1064.4,939.19,125.21,11.76
ORD-2023-2330,2024-02-25,Global Wholesale Direct,Enterprise,North America,Workplace & Office Solutions,Modular Acoustic Pods,10,4200,42000,0.383,16086.0,25914.0,38075.91,-12161.91,-46.93
ORD-2023-2462,2024-02-25,Summit Capital Advisors,Mid-Market,Asia-Pacific,Enterprise Software,Cloud ERP Suite,3,4500,13500,0.028,378.0,13122.0,3711.04,9410.96,71.72
ORD-2023-1049,2024-02-26,Apex Horizon Distribution,Enterprise,North America,Hardware & Infrastructure,NVMe SAN Storage Array,16,8200,131200,0.386,50643.2,80556.8,117281.05,-36724.25,-45.59
ORD-2023-2013,2024-02-26,Cascade Industrial Works,Enterprise,Middle East & Africa,Enterprise Software,CyberSecurity Platform,7,3200,22400,0.098,2195.2,20204.8,6371.27,13833.53,68.47
ORD-2023-1903,2024-02-26,Vanguard Financial Systems,Enterprise,North America,Workplace & Office Solutions,Conference Audio Matrix,8,1100,8800,0.031,272.8,8527.2,7044.54,1482.66,17.39
ORD-2023-1598,2024-02-27,Vanguard Financial Systems,Enterprise,North America,Hardware & Infrastructure,High-Density Rack Switch,8,3800,30400,0.067,2036.8,28363.2,25225.21,3137.99,11.06
ORD-2023-1971,2024-02-27,Starlight Media,Enterprise,Latin America,Enterprise Software,Cloud ERP Suite,7,4500,31500,0.369,11623.5,19876.5,8701.65,11174.85,56.22
ORD-2023-1632,2024-02-27,Helios Solar Tech,Mid-Market,Europe,Professional Services,24/7 Managed SRE Support,5,4000,20000,0.097,1940.0,18060.0,11506.8,6553.2,36.29
ORD-2023-2033,2024-02-27,Beacon Healthcare,Mid-Market,Asia-Pacific,Enterprise Software,Analytics Cloud Pro,5,2800,14000,0.085,1190.0,12810.0,3442.36,9367.64,73.13
ORD-2023-1694,2024-02-28,Beacon Healthcare,Enterprise,Asia-Pacific,Hardware & Infrastructure,Edge AI Gateway Server,8,6500,52000,0.088,4576.0,47424.0,37994.31,9429.69,19.88
ORD-2023-1290,2024-02-28,Synergy BioLabs,Mid-Market,Europe,Professional Services,Architecture Review & Audit,2,3500,7000,0.015,105.0,6895.0,3448.53,3446.47,49.99
ORD-2023-2375,2024-02-28,Beacon Healthcare,Enterprise,Asia-Pacific,Professional Services,Architecture Review & Audit,12,3500,42000,0.072,3024.0,38976.0,22396.4,16579.6,42.54
ORD-2023-1353,2024-03-01,Starlight Media,Enterprise,Middle East & Africa,Workplace & Office Solutions,Modular Acoustic Pods,8,4200,33600,0.492,16531.2,17068.8,29021.78,-11952.98,-70.03
ORD-2023-1456,2024-03-02,Global Wholesale Direct,Enterprise,Asia-Pacific,Professional Services,24/7 Managed SRE Support,15,4000,60000,0.429,25740.0,34260.0,34617.86,-357.86,-1.04
ORD-2023-2450,2024-03-02,Discount Express Corp,Mid-Market,Middle East & Africa,Enterprise Software,Analytics Cloud Pro,2,2800,5600,0.512,2867.2,2732.8,1441.46,1291.34,47.25
ORD-2023-1234,2024-03-02,Global Wholesale Direct,Enterprise,Asia-Pacific,Professional Services,Architecture Review & Audit,16,3500,56000,0.431,24136.0,31864.0,27473.39,4390.61,13.78
ORD-2023-1527,2024-03-02,MegaRetail Logistics,Enterprise,North America,Enterprise Software,DevOps Automation Hub,10,1900,19000,0.472,8968.0,10032.0,6461.14,3570.86,35.59
ORD-2023-1301,2024-03-03,Apex Global Tech,Enterprise,Europe,Enterprise Software,Analytics Cloud Pro,11,2800,30800,0.038,1170.4,29629.6,7511.39,22118.21,74.65
ORD-2023-1813,2024-03-04,Quantum Dynamics,Enterprise,Europe,Enterprise Software,Analytics Cloud Pro,8,2800,22400,0.03,672.0,21728.0,5491.55,16236.45,74.73
ORD-2023-2490,2024-03-04,MegaRetail Logistics,Enterprise,Latin America,Hardware & Infrastructure,Industrial IoT Sensor Pack,16,1200,19200,0.341,6547.2,12652.8,15527.19,-2874.39,-22.72
ORD-2023-1286,2024-03-05,Apex Global Tech,Enterprise,North America,Enterprise Software,Cloud ERP Suite,13,4500,58500,0.057,3334.5,55165.5,16718.69,38446.81,69.69
ORD-2023-1083,2024-03-06,OmniCorp International,Enterprise,Europe,Professional Services,Cloud Migration Sprint,17,5000,85000,0.42,35700.0,49300.0,45873.07,3426.93,6.95
ORD-2023-2286,2024-03-07,Global Wholesale Direct,Enterprise,Europe,Professional Services,Custom Integration Toolkit,6,2500,15000,0.364,5460.0,9540.0,8883.98,656.02,6.88
ORD-2023-2495,2024-03-08,Synergy BioLabs,Mid-Market,Europe,Enterprise Software,CyberSecurity Platform,4,3200,12800,0.018,230.4,12569.6,3808.74,8760.86,69.7
ORD-2023-2386,2024-03-08,Titan Energy Partners,Enterprise,Middle East & Africa,Enterprise Software,DevOps Automation Hub,14,1900,26600,0.032,851.2,25748.8,8186.88,17561.92,68.2
ORD-2023-1905,2024-03-08,MegaRetail Logistics,Enterprise,North America,Professional Services,Cloud Migration Sprint,11,5000,55000,0.402,22110.0,32890.0,32869.25,20.75,0.06
ORD-2023-1966,2024-03-09,OmniCorp International,Enterprise,Europe,Workplace & Office Solutions,Modular Acoustic Pods,8,4200,33600,0.295,9912.0,23688.0,28941.98,-5253.98,-22.18
ORD-2023-1214,2024-03-10,Beacon Healthcare,Enterprise,Asia-Pacific,Professional Services,Cloud Migration Sprint,14,5000,70000,0.044,3080.0,66920.0,40310.1,26609.9,39.76
ORD-2023-2219,2024-03-10,Summit Capital Advisors,Mid-Market,North America,Professional Services,Custom Integration Toolkit,1,2500,2500,0.027,67.5,2432.5,1499.7,932.8,38.35
ORD-2023-2150,2024-03-10,Horizon Media Network,Enterprise,North America,Professional Services,Cloud Migration Sprint,7,5000,35000,0.136,4760.0,30240.0,19237.52,11002.48,36.38
ORD-2023-2296,2024-03-10,Beacon Healthcare,Enterprise,Asia-Pacific,Enterprise Software,Analytics Cloud Pro,13,2800,36400,0.05,1820.0,34580.0,8773.24,25806.76,74.63
ORD-2023-2206,2024-03-11,Pinnacle Manufacturing,Mid-Market,North America,Workplace & Office Solutions,Ergonomic Smart Desk Suite,5,1600,8000,0.145,1160.0,6840.0,6538.2,301.8,4.41
ORD-2023-2141,2024-03-12,Acrobat Logistics Group,Mid-Market,Latin America,Hardware & Infrastructure,High-Density Rack Switch,2,3800,7600,0.172,1307.2,6292.8,6471.67,-178.87,-2.84
ORD-2023-1343,2024-03-12,Vanguard Financial Systems,Enterprise,Europe,Hardware & Infrastructure,High-Density Rack Switch,8,3800,30400,0.068,2067.2,28332.8,24307.5,4025.3,14.21
ORD-2023-1582,2024-03-12,Orion Consumer Goods,Mid-Market,Latin America,Professional Services,Cloud Migration Sprint,3,5000,15000,0.185,2775.0,12225.0,8256.97,3968.03,32.46
ORD-2023-2280,2024-03-13,Global Wholesale Direct,Enterprise,Asia-Pacific,Enterprise Software,Cloud ERP Suite,13,4500,58500,0.493,28840.5,29659.5,15384.75,14274.75,48.13
ORD-2023-1856,2024-03-13,Vanguard Financial Systems,Enterprise,Asia-Pacific,Workplace & Office Solutions,Executive Telepresence Unit,14,2900,40600,0.032,1299.2,39300.8,34247.45,5053.35,12.86
ORD-2023-1718,2024-03-13,Cascade Industrial Works,Mid-Market,Middle East & Africa,Professional Services,Custom Integration Toolkit,2,2500,5000,0.174,870.0,4130.0,2683.63,1446.37,35.02
ORD-2023-2414,2024-03-13,Apex Global Tech,Enterprise,North America,Professional Services,Custom Integration Toolkit,8,2500,20000,0.048,960.0,19040.0,12039.87,7000.13,36.77
ORD-2023-2443,2024-03-13,Discount Express Corp,Enterprise,Middle East & Africa,Hardware & Infrastructure,Edge AI Gateway Server,8,6500,52000,0.518,26936.0,25064.0,40842.89,-15778.89,-62.95
ORD-2023-1970,2024-03-13,Global Wholesale Direct,Enterprise,Asia-Pacific,Professional Services,Architecture Review & Audit,12,3500,42000,0.373,15666.0,26334.0,20654.02,5679.98,21.57
ORD-2023-2230,2024-03-14,MegaRetail Logistics,Enterprise,North America,Professional Services,24/7 Managed SRE Support,9,4000,36000,0.461,16596.0,19404.0,22026.29,-2622.29,-13.51
ORD-2023-1887,2024-03-14,Summit Capital Advisors,Mid-Market,Latin America,Hardware & Infrastructure,Industrial IoT Sensor Pack,3,1200,3600,0.158,568.8,3031.2,2860.21,170.99,5.64
ORD-2023-1389,2024-03-15,Pinnacle Manufacturing,Enterprise,North America,Enterprise Software,Cloud ERP Suite,6,4500,27000,0.084,2268.0,24732.0,6899.78,17832.22,72.1
ORD-2023-2000,2024-03-15,MegaRetail Logistics,Enterprise,North America,Hardware & Infrastructure,High-Density Rack Switch,16,3800,60800,0.374,22739.2,38060.8,49759.23,-11698.43,-30.74
ORD-2023-2340,2024-03-15,Apex Global Tech,Enterprise,North America,Workplace & Office Solutions,Ergonomic Smart Desk Suite,12,1600,19200,0.028,537.6,18662.4,16729.99,1932.41,10.35
ORD-2023-1939,2024-03-15,Quantum Dynamics,Enterprise,Europe,Hardware & Infrastructure,Edge AI Gateway Server,9,6500,58500,0.072,4212.0,54288.0,41878.19,12409.81,22.86
ORD-2023-1204,2024-03-15,Helios Solar Tech,Mid-Market,Europe,Hardware & Infrastructure,High-Density Rack Switch,5,3800,19000,0.08,1520.0,17480.0,15435.92,2044.08,11.69
ORD-2023-1897,2024-03-16,Titan Energy Partners,Mid-Market,Middle East & Africa,Professional Services,Cloud Migration Sprint,3,5000,15000,0.073,1095.0,13905.0,8110.09,5794.91,41.68
ORD-2023-2339,2024-03-16,Quantum Dynamics,Mid-Market,Middle East & Africa,Professional Services,24/7 Managed SRE Support,5,4000,20000,0.047,940.0,19060.0,12918.64,6141.36,32.22
ORD-2023-1629,2024-03-16,Apex Global Tech,Mid-Market,North America,Workplace & Office Solutions,Conference Audio Matrix,3,1100,3300,0.068,224.4,3075.6,2620.41,455.19,14.8
ORD-2023-1128,2024-03-17,Horizon Media Network,Enterprise,North America,Professional Services,24/7 Managed SRE Support,6,4000,24000,0.083,1992.0,22008.0,14674.34,7333.66,33.32
ORD-2023-1344,2024-03-18,MegaRetail Logistics,Enterprise,North America,Hardware & Infrastructure,High-Density Rack Switch,14,3800,53200,0.371,19737.2,33462.8,45390.35,-11927.55,-35.64
ORD-2023-2042,2024-03-18,Sterling & Cross Partners,Mid-Market,Europe,Enterprise Software,CyberSecurity Platform,5,3200,16000,0.069,1104.0,14896.0,4824.23,10071.77,67.61
ORD-2023-2054,2024-03-18,Sterling & Cross Partners,Enterprise,North America,Workplace & Office Solutions,Ergonomic Smart Desk Suite,6,1600,9600,0.126,1209.6,8390.4,8123.44,266.96,3.18
ORD-2023-2112,2024-03-18,Beacon Healthcare,Enterprise,Asia-Pacific,Hardware & Infrastructure,High-Density Rack Switch,12,3800,45600,0.063,2872.8,42727.2,39744.79,2982.41,6.98
ORD-2023-2357,2024-03-19,Helios Solar Tech,Enterprise,Europe,Hardware & Infrastructure,High-Density Rack Switch,8,3800,30400,0.159,4833.6,25566.4,24926.13,640.27,2.5
ORD-2023-2264,2024-03-20,MegaRetail Logistics,Enterprise,Latin America,Hardware & Infrastructure,Industrial IoT Sensor Pack,7,1200,8400,0.366,3074.4,5325.6,6061.73,-736.13,-13.82
ORD-2023-1642,2024-03-20,Titan Energy Partners,Enterprise,Middle East & Africa,Enterprise Software,CyberSecurity Platform,13,3200,41600,0.039,1622.4,39977.6,12001.2,27976.4,69.98
ORD-2023-1312,2024-03-20,Quantum Dynamics,Enterprise,Europe,Hardware & Infrastructure,Edge AI Gateway Server,10,6500,65000,0.075,4875.0,60125.0,47667.13,12457.87,20.72
ORD-2023-1448,2024-03-21,Pinnacle Manufacturing,Mid-Market,North America,Enterprise Software,DevOps Automation Hub,2,1900,3800,0.078,296.4,3503.6,1268.32,2235.28,63.8
ORD-2023-2173,2024-03-21,Precision Robotics Ltd,Mid-Market,Asia-Pacific,Hardware & Infrastructure,Edge AI Gateway Server,1,6500,6500,0.07,455.0,6045.0,4578.23,1466.77,24.26
ORD-2023-1816,2024-03-21,Global Wholesale Direct,Enterprise,North America,Professional Services,24/7 Managed SRE Support,7,4000,28000,0.365,10220.0,17780.0,17307.13,472.87,2.66
ORD-2023-1587,2024-03-21,Quantum Dynamics,Enterprise,Europe,Enterprise Software,CyberSecurity Platform,10,3200,32000,0.036,1152.0,30848.0,9349.92,21498.08,69.69
ORD-2023-2364,2024-03-21,Precision Robotics Ltd,Mid-Market,Asia-Pacific,Professional Services,Cloud Migration Sprint,4,5000,20000,0.036,720.0,19280.0,11106.1,8173.9,42.4
ORD-2023-1108,2024-03-22,Pinnacle Manufacturing,Mid-Market,North America,Workplace & Office Solutions,Conference Audio Matrix,3,1100,3300,0.117,386.1,2913.9,2585.51,328.39,11.27
ORD-2023-1054,2024-03-22,Helios Solar Tech,Enterprise,Europe,Workplace & Office Solutions,Conference Audio Matrix,6,1100,6600,0.135,891.0,5709.0,5184.07,524.93,9.19
ORD-2023-1865,2024-03-22,MegaRetail Logistics,Enterprise,North America,Professional Services,Custom Integration Toolkit,13,2500,32500,0.456,14820.0,17680.0,18775.84,-1095.84,-6.2
ORD-2023-1055,2024-03-22,Synergy BioLabs,Mid-Market,Europe,Hardware & Infrastructure,NVMe SAN Storage Array,1,8200,8200,0.0,0.0,8200.0,7385.24,814.76,9.94
ORD-2023-1908,2024-03-22,OmniCorp International,Enterprise,Europe,Hardware & Infrastructure,NVMe SAN Storage Array,9,8200,73800,0.314,23173.2,50626.8,64124.94,-13498.14,-26.66
ORD-2023-1630,2024-03-23,Beacon Healthcare,Enterprise,Asia-Pacific,Professional Services,Architecture Review & Audit,9,3500,31500,0.06,1890.0,29610.0,15733.85,13876.15,46.86
ORD-2023-2343,2024-03-23,Horizon Media Network,Mid-Market,North America,Enterprise Software,Cloud ERP Suite,1,4500,4500,0.071,319.5,4180.5,1260.13,2920.37,69.86
ORD-2023-1218,2024-03-24,Pinnacle Manufacturing,Mid-Market,North America,Hardware & Infrastructure,Edge AI Gateway Server,3,6500,19500,0.063,1228.5,18271.5,13805.86,4465.64,24.44
ORD-2023-1799,2024-03-24,Budget Office Outlet,Mid-Market,Europe,Professional Services,Custom Integration Toolkit,2,2500,5000,0.447,2235.0,2765.0,2710.94,54.06,1.96
ORD-2023-1040,2024-03-24,MegaRetail Logistics,Enterprise,Europe,Professional Services,24/7 Managed SRE Support,6,4000,24000,0.45,10800.0,13200.0,14997.03,-1797.03,-13.61
ORD-2023-1184,2024-03-25,Helios Solar Tech,Enterprise,Europe,Enterprise Software,CyberSecurity Platform,8,3200,25600,0.127,3251.2,22348.8,7822.49,14526.31,65.0
ORD-2023-1646,2024-03-25,Helios Solar Tech,Enterprise,Europe,Hardware & Infrastructure,NVMe SAN Storage Array,6,8200,49200,0.146,7183.2,42016.8,39444.92,2571.88,6.12
ORD-2023-2015,2024-03-26,Nexus Telecom,Enterprise,Asia-Pacific,Professional Services,Custom Integration Toolkit,7,2500,17500,0.149,2607.5,14892.5,10517.52,4374.98,29.38
ORD-2023-1236,2024-03-26,Nexus Telecom,Mid-Market,Asia-Pacific,Enterprise Software,Cloud ERP Suite,3,4500,13500,0.122,1647.0,11853.0,3637.36,8215.64,69.31
ORD-2023-1068,2024-03-26,Sterling & Cross Partners,Mid-Market,Asia-Pacific,Workplace & Office Solutions,Executive Telepresence Unit,5,2900,14500,0.057,826.5,13673.5,12092.52,1580.98,11.56
ORD-2023-2464,2024-03-26,Starlight Media,Mid-Market,Latin America,Hardware & Infrastructure,Edge AI Gateway Server,4,6500,26000,0.48,12480.0,13520.0,18525.14,-5005.14,-37.02
ORD-2023-1179,2024-03-26,Cascade Industrial Works,Mid-Market,Middle East & Africa,Professional Services,24/7 Managed SRE Support,3,4000,12000,0.097,1164.0,10836.0,7253.91,3582.09,33.06
ORD-2023-2121,2024-03-27,Helios Solar Tech,Mid-Market,Europe,Enterprise Software,Analytics Cloud Pro,3,2800,8400,0.112,940.8,7459.2,2054.15,5405.05,72.46
ORD-2023-2159,2024-03-27,Helios Solar Tech,Enterprise,Europe,Hardware & Infrastructure,NVMe SAN Storage Array,7,8200,57400,0.136,7806.4,49593.6,49805.74,-212.14,-0.43
ORD-2023-1060,2024-03-28,Titan Energy Partners,Enterprise,Middle East & Africa,Professional Services,Custom Integration Toolkit,10,2500,25000,0.061,1525.0,23475.0,14230.34,9244.66,39.38
ORD-2023-1066,2024-03-29,Apex Horizon Distribution,Enterprise,Latin America,Workplace & Office Solutions,Conference Audio Matrix,16,1100,17600,0.354,6230.4,11369.6,14191.68,-2822.08,-24.82
ORD-2023-1167,2024-03-29,Titan Energy Partners,Enterprise,Middle East & Africa,Enterprise Software,Cloud ERP Suite,7,4500,31500,0.06,1890.0,29610.0,8510.34,21099.66,71.26
ORD-2023-1596,2024-03-29,Global Wholesale Direct,Enterprise,Asia-Pacific,Professional Services,24/7 Managed SRE Support,15,4000,60000,0.494,29640.0,30360.0,36835.63,-6475.63,-21.33
ORD-2023-1146,2024-03-30,Apex Global Tech,Enterprise,Asia-Pacific,Enterprise Software,Analytics Cloud Pro,6,2800,16800,0.047,789.6,16010.4,4118.92,11891.48,74.27
ORD-2023-1216,2024-03-30,Beacon Healthcare,Enterprise,Asia-Pacific,Workplace & Office Solutions,Executive Telepresence Unit,14,2900,40600,0.058,2354.8,38245.2,32773.86,5471.34,14.31
ORD-2023-1625,2024-03-31,FinTech Innovations,Mid-Market,Asia-Pacific,Workplace & Office Solutions,Modular Acoustic Pods,3,4200,12600,0.017,214.2,12385.8,11591.67,794.13,6.41
ORD-2023-1818,2024-03-31,MegaRetail Logistics,Enterprise,North America,Enterprise Software,CyberSecurity Platform,15,3200,48000,0.407,19536.0,28464.0,14141.36,14322.64,50.32
ORD-2023-1414,2024-04-01,Apex Horizon Distribution,Enterprise,Latin America,Hardware & Infrastructure,NVMe SAN Storage Array,8,8200,65600,0.55,36080.0,29520.0,56883.21,-27363.21,-92.69
ORD-2023-2005,2024-04-01,Acrobat Logistics Group,Enterprise,Latin America,Professional Services,Architecture Review & Audit,7,3500,24500,0.164,4018.0,20482.0,13423.86,7058.14,34.46
ORD-2023-1461,2024-04-01,Quantum Dynamics,Enterprise,Europe,Hardware & Infrastructure,NVMe SAN Storage Array,10,8200,82000,0.042,3444.0,78556.0,73358.21,5197.79,6.62
ORD-2023-1785,2024-04-01,Vanguard Financial Systems,Enterprise,North America,Enterprise Software,Cloud ERP Suite,13,4500,58500,0.031,1813.5,56686.5,16290.81,40395.69,71.26
ORD-2023-2279,2024-04-02,Vanguard Financial Systems,Enterprise,Europe,Professional Services,Architecture Review & Audit,9,3500,31500,0.053,1669.5,29830.5,17044.36,12786.14,42.86
ORD-2023-1089,2024-04-03,Helios Solar Tech,Enterprise,Europe,Hardware & Infrastructure,Industrial IoT Sensor Pack,8,1200,9600,0.151,1449.6,8150.4,6927.1,1223.3,15.01
ORD-2023-1003,2024-04-04,Nexus Telecom,Mid-Market,Asia-Pacific,Hardware & Infrastructure,Industrial IoT Sensor Pack,4,1200,4800,0.139,667.2,4132.8,3798.81,333.99,8.08
ORD-2023-2023,2024-04-04,Zenith Biopharma,Enterprise,Asia-Pacific,Hardware & Infrastructure,Industrial IoT Sensor Pack,8,1200,9600,0.06,576.0,9024.0,7521.28,1502.72,16.65
ORD-2023-2056,2024-04-04,OmniCorp International,Enterprise,Europe,Professional Services,Custom Integration Toolkit,12,2500,30000,0.334,10020.0,19980.0,16815.82,3164.18,15.84
ORD-2023-1649,2024-04-05,Sterling & Cross Partners,Mid-Market,Middle East & Africa,Hardware & Infrastructure,Edge AI Gateway Server,3,6500,19500,0.077,1501.5,17998.5,14172.99,3825.51,21.25
ORD-2023-1981,2024-04-05,OmniCorp International,Mid-Market,Europe,Workplace & Office Solutions,Modular Acoustic Pods,4,4200,16800,0.379,6367.2,10432.8,14056.91,-3624.11,-34.74
ORD-2023-1974,2024-04-05,Beacon Healthcare,Enterprise,Asia-Pacific,Professional Services,Custom Integration Toolkit,13,2500,32500,0.071,2307.5,30192.5,17917.17,12275.33,40.66
ORD-2023-1197,2024-04-05,Nexus Telecom,Mid-Market,Asia-Pacific,Enterprise Software,CyberSecurity Platform,5,3200,16000,0.171,2736.0,13264.0,4603.49,8660.51,65.29
ORD-2023-2350,2024-04-06,Apex Global Tech,Enterprise,North America,Workplace & Office Solutions,Conference Audio Matrix,13,1100,14300,0.069,986.7,13313.3,10755.79,2557.51,19.21
ORD-2023-1542,2024-04-06,Synergy BioLabs,Mid-Market,Europe,Professional Services,Custom Integration Toolkit,4,2500,10000,0.032,320.0,9680.0,5635.24,4044.76,41.78
ORD-2023-2087,2024-04-07,FinTech Innovations,Mid-Market,North America,Hardware & Infrastructure,High-Density Rack Switch,2,3800,7600,0.053,402.8,7197.2,6209.1,988.1,13.73
ORD-2023-2103,2024-04-07,Helios Solar Tech,Enterprise,Europe,Workplace & Office Solutions,Ergonomic Smart Desk Suite,6,1600,9600,0.138,1324.8,8275.2,8015.79,259.41,3.13
ORD-2023-1936,2024-04-07,Titan Energy Partners,Enterprise,Middle East & Africa,Hardware & Infrastructure,Industrial IoT Sensor Pack,8,1200,9600,0.049,470.4,9129.6,7528.12,1601.48,17.54
ORD-2023-1705,2024-04-07,Apex Global Tech,Enterprise,North America,Hardware & Infrastructure,Industrial IoT Sensor Pack,13,1200,15600,0.025,390.0,15210.0,11876.5,3333.5,21.92
ORD-2023-1341,2024-04-08,Global Wholesale Direct,Enterprise,Asia-Pacific,Workplace & Office Solutions,Ergonomic Smart Desk Suite,11,1600,17600,0.377,6635.2,10964.8,14687.16,-3722.36,-33.95
ORD-2023-1633,2024-04-08,Global Wholesale Direct,Enterprise,Asia-Pacific,Enterprise Software,DevOps Automation Hub,13,1900,24700,0.369,9114.3,15585.7,8041.47,7544.23,48.4
ORD-2023-1512,2024-04-08,MegaRetail Logistics,Enterprise,Asia-Pacific,Workplace & Office Solutions,Conference Audio Matrix,15,1100,16500,0.321,5296.5,11203.5,13371.07,-2167.57,-19.35
ORD-2023-1574,2024-04-09,FinTech Innovations,Mid-Market,North America,Professional Services,Architecture Review & Audit,3,3500,10500,0.04,420.0,10080.0,5178.33,4901.67,48.63
ORD-2023-1933,2024-04-09,Orion Consumer Goods,Enterprise,Latin America,Professional Services,Custom Integration Toolkit,6,2500,15000,0.19,2850.0,12150.0,8812.08,3337.92,27.47
ORD-2023-1091,2024-04-09,Quantum Dynamics,Enterprise,Europe,Professional Services,24/7 Managed SRE Support,14,4000,56000,0.049,2744.0,53256.0,33018.13,20237.87,38.0
ORD-2023-1821,2024-04-10,Sterling & Cross Partners,Mid-Market,Europe,Workplace & Office Solutions,Executive Telepresence Unit,4,2900,11600,0.066,765.6,10834.4,9785.82,1048.58,9.68
ORD-2023-1032,2024-04-10,Vanguard Financial Systems,Enterprise,North America,Enterprise Software,DevOps Automation Hub,7,1900,13300,0.027,359.1,12940.9,4370.34,8570.56,66.23
ORD-2023-2370,2024-04-10,Beacon Healthcare,Enterprise,Asia-Pacific,Enterprise Software,DevOps Automation Hub,7,1900,13300,0.065,864.5,12435.5,4340.04,8095.46,65.1
ORD-2023-2335,2024-04-10,Orion Consumer Goods,Mid-Market,Latin America,Workplace & Office Solutions,Executive Telepresence Unit,4,2900,11600,0.175,2030.0,9570.0,9455.87,114.13,1.19
ORD-2023-2317,2024-04-10,Apex Horizon Distribution,Enterprise,Latin America,Workplace & Office Solutions,Ergonomic Smart Desk Suite,8,1600,12800,0.257,3289.6,9510.4,10478.66,-968.26,-10.18
ORD-2023-1484,2024-04-11,Precision Robotics Ltd,Mid-Market,Asia-Pacific,Enterprise Software,Analytics Cloud Pro,3,2800,8400,0.056,470.4,7929.6,2157.81,5771.79,72.79
ORD-2023-2488,2024-04-11,Budget Office Outlet,Mid-Market,Europe,Hardware & Infrastructure,NVMe SAN Storage Array,4,8200,32800,0.363,11906.4,20893.6,29708.96,-8815.36,-42.19
ORD-2023-1123,2024-04-12,Titan Energy Partners,Enterprise,Middle East & Africa,Workplace & Office Solutions,Ergonomic Smart Desk Suite,11,1600,17600,0.021,369.6,17230.4,14385.79,2844.61,16.51
ORD-2023-1886,2024-04-12,Vanguard Financial Systems,Enterprise,North America,Enterprise Software,DevOps Automation Hub,7,1900,13300,0.046,611.8,12688.2,4160.36,8527.84,67.21
ORD-2023-1994,2024-04-13,Synergy BioLabs,Mid-Market,Middle East & Africa,Enterprise Software,Cloud ERP Suite,4,4500,18000,0.048,864.0,17136.0,5031.6,12104.4,70.64
ORD-2023-1700,2024-04-13,Global Wholesale Direct,Enterprise,Latin America,Workplace & Office Solutions,Conference Audio Matrix,17,1100,18700,0.48,8976.0,9724.0,14530.66,-4806.66,-49.43
ORD-2023-2397,2024-04-14,MegaRetail Logistics,Enterprise,Asia-Pacific,Workplace & Office Solutions,Conference Audio Matrix,9,1100,9900,0.302,2989.8,6910.2,7618.19,-707.99,-10.25
ORD-2023-1830,2024-04-15,MegaRetail Logistics,Enterprise,North America,Workplace & Office Solutions,Conference Audio Matrix,6,1100,6600,0.454,2996.4,3603.6,5340.45,-1736.85,-48.2
ORD-2023-1256,2024-04-15,Apex Horizon Distribution,Enterprise,Latin America,Workplace & Office Solutions,Conference Audio Matrix,6,1100,6600,0.405,2673.0,3927.0,5071.96,-1144.96,-29.16
ORD-2023-1368,2024-04-15,Zenith Biopharma,Mid-Market,Asia-Pacific,Enterprise Software,Cloud ERP Suite,2,4500,9000,0.051,459.0,8541.0,2569.98,5971.02,69.91
ORD-2023-1797,2024-04-15,Zenith Biopharma,Mid-Market,North America,Professional Services,24/7 Managed SRE Support,2,4000,8000,0.103,824.0,7176.0,4740.93,2435.07,33.93
ORD-2023-1174,2024-04-16,Beacon Healthcare,Mid-Market,Asia-Pacific,Enterprise Software,Analytics Cloud Pro,5,2800,14000,0.082,1148.0,12852.0,3743.5,9108.5,70.87
ORD-2023-2417,2024-04-16,Apex Global Tech,Enterprise,North America,Enterprise Software,DevOps Automation Hub,11,1900,20900,0.07,1463.0,19437.0,6342.64,13094.36,67.37
ORD-2023-1194,2024-04-17,Precision Robotics Ltd,Mid-Market,Asia-Pacific,Hardware & Infrastructure,NVMe SAN Storage Array,4,8200,32800,0.058,1902.4,30897.6,29011.91,1885.69,6.1
ORD-2023-1332,2024-04-17,Pinnacle Manufacturing,Mid-Market,North America,Hardware & Infrastructure,High-Density Rack Switch,1,3800,3800,0.145,551.0,3249.0,3029.49,219.51,6.76
ORD-2023-1130,2024-04-17,Global Wholesale Direct,Enterprise,Asia-Pacific,Workplace & Office Solutions,Executive Telepresence Unit,7,2900,20300,0.435,8830.5,11469.5,17317.11,-5847.61,-50.98
ORD-2023-1029,2024-04-18,Synergy BioLabs,Mid-Market,Europe,Workplace & Office Solutions,Executive Telepresence Unit,3,2900,8700,0.012,104.4,8595.6,7864.68,730.92,8.5
ORD-2023-2110,2024-04-18,Vanguard Financial Systems,Enterprise,North America,Professional Services,Custom Integration Toolkit,10,2500,25000,0.045,1125.0,23875.0,14641.87,9233.13,38.67
ORD-2023-1279,2024-04-18,Budget Office Outlet,Mid-Market,Europe,Workplace & Office Solutions,Modular Acoustic Pods,1,4200,4200,0.435,1827.0,2373.0,3564.22,-1191.22,-50.2
ORD-2023-1915,2024-04-18,Apex Horizon Distribution,Enterprise,Middle East & Africa,Enterprise Software,CyberSecurity Platform,9,3200,28800,0.275,7920.0,20880.0,8289.75,12590.25,60.3
ORD-2023-1636,2024-04-19,MegaRetail Logistics,Enterprise,North America,Professional Services,Custom Integration Toolkit,9,2500,22500,0.425,9562.5,12937.5,12021.99,915.51,7.08
ORD-2023-1754,2024-04-19,OmniCorp International,Enterprise,Europe,Workplace & Office Solutions,Ergonomic Smart Desk Suite,13,1600,20800,0.335,6968.0,13832.0,16895.3,-3063.3,-22.15
ORD-2023-1862,2024-04-19,MegaRetail Logistics,Enterprise,North America,Professional Services,24/7 Managed SRE Support,11,4000,44000,0.34,14960.0,29040.0,27795.47,1244.53,4.29
ORD-2023-1814,2024-04-20,Zenith Biopharma,Mid-Market,Asia-Pacific,Enterprise Software,Analytics Cloud Pro,4,2800,11200,0.104,1164.8,10035.2,2900.0,7135.2,71.1
ORD-2023-2118,2024-04-20,Helios Solar Tech,Enterprise,Europe,Enterprise Software,CyberSecurity Platform,6,3200,19200,0.124,2380.8,16819.2,5465.56,11353.64,67.5
ORD-2023-1496,2024-04-20,OmniCorp International,Enterprise,Europe,Workplace & Office Solutions,Conference Audio Matrix,8,1100,8800,0.289,2543.2,6256.8,7178.85,-922.05,-14.74
ORD-2023-2064,2024-04-20,MegaRetail Logistics,Enterprise,North America,Enterprise Software,DevOps Automation Hub,10,1900,19000,0.443,8417.0,10583.0,6386.35,4196.65,39.65
ORD-2023-1273,2024-04-21,Horizon Media Network,Mid-Market,North America,Hardware & Infrastructure,Edge AI Gateway Server,2,6500,13000,0.098,1274.0,11726.0,9625.96,2100.04,17.91
ORD-2023-1747,2024-04-21,OmniCorp International,Enterprise,Europe,Workplace & Office Solutions,Conference Audio Matrix,14,1100,15400,0.36,5544.0,9856.0,12770.7,-2914.7,-29.57
ORD-2023-1823,2024-04-21,OmniCorp International,Mid-Market,Europe,Professional Services,Architecture Review & Audit,5,3500,17500,0.358,6265.0,11235.0,8750.31,2484.69,22.12
ORD-2023-1396,2024-04-21,Zenith Biopharma,Mid-Market,Asia-Pacific,Enterprise Software,DevOps Automation Hub,2,1900,3800,0.111,421.8,3378.2,1260.67,2117.53,62.68
ORD-2023-2314,2024-04-22,Acrobat Logistics Group,Enterprise,Latin America,Workplace & Office Solutions,Ergonomic Smart Desk Suite,6,1600,9600,0.147,1411.2,8188.8,8258.48,-69.68,-0.85
ORD-2023-2474,2024-04-22,MegaRetail Logistics,Mid-Market,North America,Enterprise Software,DevOps Automation Hub,4,1900,7600,0.307,2333.2,5266.8,2391.92,2874.88,54.58
ORD-2023-2071,2024-04-23,Titan Energy Partners,Enterprise,Middle East & Africa,Hardware & Infrastructure,Industrial IoT Sensor Pack,14,1200,16800,0.056,940.8,15859.2,12512.42,3346.78,21.1
ORD-2023-1987,2024-04-24,Discount Express Corp,Enterprise,Middle East & Africa,Hardware & Infrastructure,High-Density Rack Switch,6,3800,22800,0.409,9325.2,13474.8,18379.43,-4904.63,-36.4
ORD-2023-1697,2024-04-25,Titan Energy Partners,Enterprise,Middle East & Africa,Workplace & Office Solutions,Executive Telepresence Unit,11,2900,31900,0.063,2009.7,29890.3,26912.67,2977.63,9.96
ORD-2023-1628,2024-04-25,Pinnacle Manufacturing,Mid-Market,North America,Hardware & Infrastructure,NVMe SAN Storage Array,5,8200,41000,0.108,4428.0,36572.0,35859.65,712.35,1.95
ORD-2023-1095,2024-04-25,Sterling & Cross Partners,Mid-Market,Latin America,Enterprise Software,Cloud ERP Suite,5,4500,22500,0.093,2092.5,20407.5,5965.75,14441.75,70.77
ORD-2023-1101,2024-04-26,Apex Global Tech,Enterprise,North America,Enterprise Software,DevOps Automation Hub,10,1900,19000,0.037,703.0,18297.0,5880.55,12416.45,67.86
ORD-2023-2368,2024-04-26,Zenith Biopharma,Mid-Market,Asia-Pacific,Professional Services,Cloud Migration Sprint,2,5000,10000,0.057,570.0,9430.0,5904.23,3525.77,37.39
ORD-2023-1608,2024-04-27,OmniCorp International,Enterprise,Europe,Professional Services,Architecture Review & Audit,8,3500,28000,0.443,12404.0,15596.0,14322.28,1273.72,8.17
ORD-2023-1473,2024-04-27,Apex Global Tech,Mid-Market,North America,Hardware & Infrastructure,NVMe SAN Storage Array,4,8200,32800,0.028,918.4,31881.6,27148.04,4733.56,14.85
ORD-2023-2119,2024-04-27,Titan Energy Partners,Mid-Market,Middle East & Africa,Hardware & Infrastructure,Industrial IoT Sensor Pack,5,1200,6000,0.069,414.0,5586.0,4767.31,818.69,14.66
ORD-2023-2447,2024-04-27,Budget Office Outlet,Mid-Market,Europe,Workplace & Office Solutions,Ergonomic Smart Desk Suite,2,1600,3200,0.487,1558.4,1641.6,2910.71,-1269.11,-77.31
ORD-2023-1441,2024-04-27,Quantum Dynamics,Enterprise,Latin America,Enterprise Software,Analytics Cloud Pro,9,2800,25200,0.064,1612.8,23587.2,6526.39,17060.81,72.33
ORD-2023-1988,2024-04-28,MegaRetail Logistics,Enterprise,North America,Workplace & Office Solutions,Conference Audio Matrix,16,1100,17600,0.444,7814.4,9785.6,14413.13,-4627.53,-47.29
ORD-2023-1452,2024-04-29,Apex Horizon Distribution,Enterprise,Asia-Pacific,Workplace & Office Solutions,Modular Acoustic Pods,13,4200,54600,0.256,13977.6,40622.4,46135.62,-5513.22,-13.57
ORD-2023-1985,2024-04-29,Nexus Telecom,Enterprise,Asia-Pacific,Enterprise Software,Analytics Cloud Pro,7,2800,19600,0.092,1803.2,17796.8,5051.66,12745.14,71.61
ORD-2023-1211,2024-04-29,Apex Horizon Distribution,Enterprise,Latin America,Professional Services,Custom Integration Toolkit,17,2500,42500,0.293,12452.5,30047.5,24940.68,5106.82,17.0
ORD-2023-2017,2024-04-29,Vanguard Financial Systems,Enterprise,North America,Enterprise Software,CyberSecurity Platform,10,3200,32000,0.012,384.0,31616.0,9218.7,22397.3,70.84
ORD-2023-1815,2024-04-30,Helios Solar Tech,Mid-Market,Europe,Hardware & Infrastructure,Edge AI Gateway Server,3,6500,19500,0.125,2437.5,17062.5,13979.07,3083.43,18.07
ORD-2023-1251,2024-04-30,Titan Energy Partners,Enterprise,Middle East & Africa,Professional Services,Cloud Migration Sprint,12,5000,60000,0.036,2160.0,57840.0,34783.62,23056.38,39.86
ORD-2023-1998,2024-04-30,Vanguard Financial Systems,Enterprise,North America,Workplace & Office Solutions,Ergonomic Smart Desk Suite,6,1600,9600,0.03,288.0,9312.0,8226.79,1085.21,11.65
ORD-2023-1313,2024-05-01,Apex Global Tech,Enterprise,North America,Enterprise Software,CyberSecurity Platform,6,3200,19200,0.036,691.2,18508.8,6099.8,12409.0,67.04
ORD-2023-2022,2024-05-01,Titan Energy Partners,Enterprise,Middle East & Africa,Workplace & Office Solutions,Conference Audio Matrix,9,1100,9900,0.07,693.0,9207.0,8096.6,1110.4,12.06
ORD-2023-1067,2024-05-01,Vanguard Financial Systems,Enterprise,North America,Workplace & Office Solutions,Executive Telepresence Unit,14,2900,40600,0.037,1502.2,39097.8,35937.17,3160.63,8.08
ORD-2023-1576,2024-05-02,Cascade Industrial Works,Mid-Market,Middle East & Africa,Hardware & Infrastructure,Edge AI Gateway Server,3,6500,19500,0.18,3510.0,15990.0,14802.85,1187.15,7.42
ORD-2023-1713,2024-05-02,Global Wholesale Direct,Enterprise,Asia-Pacific,Workplace & Office Solutions,Executive Telepresence Unit,7,2900,20300,0.402,8160.6,12139.4,17277.66,-5138.26,-42.33
ORD-2023-2435,2024-05-02,Vanguard Financial Systems,Enterprise,North America,Enterprise Software,DevOps Automation Hub,13,1900,24700,0.029,716.3,23983.7,7644.78,16338.92,68.13
ORD-2023-2425,2024-05-02,Orion Consumer Goods,Mid-Market,Latin America,Hardware & Infrastructure,High-Density Rack Switch,4,3800,15200,0.168,2553.6,12646.4,11941.23,705.17,5.58
ORD-2023-2169,2024-05-02,Apex Global Tech,Enterprise,North America,Enterprise Software,Analytics Cloud Pro,9,2800,25200,0.079,1990.8,23209.2,6686.96,16522.24,71.19
ORD-2023-1779,2024-05-02,Nexus Telecom,Mid-Market,Asia-Pacific,Workplace & Office Solutions,Modular Acoustic Pods,5,4200,21000,0.155,3255.0,17745.0,18860.68,-1115.68,-6.29
ORD-2023-2302,2024-05-03,Cascade Industrial Works,Enterprise,Middle East & Africa,Hardware & Infrastructure,Edge AI Gateway Server,7,6500,45500,0.149,6779.5,38720.5,35641.65,3078.85,7.95
ORD-2023-1271,2024-05-03,Acrobat Logistics Group,Mid-Market,Latin America,Enterprise Software,CyberSecurity Platform,3,3200,9600,0.132,1267.2,8332.8,2799.4,5533.4,66.41
ORD-2023-1969,2024-05-04,Apex Horizon Distribution,Enterprise,Latin America,Workplace & Office Solutions,Ergonomic Smart Desk Suite,18,1600,28800,0.301,8668.8,20131.2,26194.04,-6062.84,-30.12
ORD-2023-1415,2024-05-05,Precision Robotics Ltd,Mid-Market,Asia-Pacific,Professional Services,Custom Integration Toolkit,4,2500,10000,0.023,230.0,9770.0,5523.68,4246.32,43.46
ORD-2023-1252,2024-05-06,OmniCorp International,Enterprise,Middle East & Africa,Hardware & Infrastructure,Edge AI Gateway Server,13,6500,84500,0.309,26110.5,58389.5,64382.65,-5993.15,-10.26
ORD-2023-2058,2024-05-06,MegaRetail Logistics,Mid-Market,North America,Enterprise Software,Cloud ERP Suite,4,4500,18000,0.378,6804.0,11196.0,4574.99,6621.01,59.14
ORD-2023-1728,2024-05-08,Sterling & Cross Partners,Mid-Market,Europe,Workplace & Office Solutions,Ergonomic Smart Desk Suite,3,1600,4800,0.064,307.2,4492.8,4090.02,402.78,8.97
ORD-2023-1468,2024-05-08,Horizon Media Network,Mid-Market,Middle East & Africa,Professional Services,24/7 Managed SRE Support,2,4000,8000,0.076,608.0,7392.0,5176.74,2215.26,29.97
ORD-2023-2144,2024-05-08,Apex Horizon Distribution,Enterprise,Latin America,Workplace & Office Solutions,Executive Telepresence Unit,17,2900,49300,0.253,12472.9,36827.1,41632.69,-4805.59,-13.05
ORD-2023-1569,2024-05-08,Zenith Biopharma,Mid-Market,Europe,Workplace & Office Solutions,Conference Audio Matrix,2,1100,2200,0.097,213.4,1986.6,1720.86,265.74,13.38
ORD-2023-1116,2024-05-09,Helios Solar Tech,Enterprise,Latin America,Professional Services,24/7 Managed SRE Support,7,4000,28000,0.168,4704.0,23296.0,16492.31,6803.69,29.21
ORD-2023-1339,2024-05-09,Global Wholesale Direct,Mid-Market,Asia-Pacific,Hardware & Infrastructure,NVMe SAN Storage Array,4,8200,32800,0.339,11119.2,21680.8,27712.52,-6031.72,-27.82
ORD-2023-1501,2024-05-09,Budget Office Outlet,Enterprise,Europe,Hardware & Infrastructure,Edge AI Gateway Server,7,6500,45500,0.46,20930.0,24570.0,34883.22,-10313.22,-41.97
ORD-2023-1681,2024-05-09,Acrobat Logistics Group,Mid-Market,Latin America,Hardware & Infrastructure,High-Density Rack Switch,5,3800,19000,0.162,3078.0,15922.0,16125.57,-203.57,-1.28
ORD-2023-1517,2024-05-09,OmniCorp International,Enterprise,Europe,Enterprise Software,DevOps Automation Hub,17,1900,32300,0.437,14115.1,18184.9,10725.71,7459.19,41.02
ORD-2023-2188,2024-05-09,Quantum Dynamics,Enterprise,Europe,Hardware & Infrastructure,High-Density Rack Switch,10,3800,38000,0.05,1900.0,36100.0,30033.64,6066.36,16.8
ORD-2023-1989,2024-05-09,Beacon Healthcare,Enterprise,Asia-Pacific,Professional Services,Cloud Migration Sprint,13,5000,65000,0.046,2990.0,62010.0,35523.96,26486.04,42.71
ORD-2023-1877,2024-05-10,Nexus Telecom,Mid-Market,Asia-Pacific,Enterprise Software,Cloud ERP Suite,1,4500,4500,0.156,702.0,3798.0,1146.63,2651.37,69.81
ORD-2023-1584,2024-05-10,OmniCorp International,Enterprise,Europe,Workplace & Office Solutions,Executive Telepresence Unit,9,2900,26100,0.323,8430.3,17669.7,21826.52,-4156.82,-23.53
ORD-2023-1720,2024-05-10,Nexus Telecom,Mid-Market,Asia-Pacific,Enterprise Software,Cloud ERP Suite,2,4500,9000,0.152,1368.0,7632.0,2468.69,5163.31,67.65
ORD-2023-2432,2024-05-10,Global Wholesale Direct,Enterprise,Asia-Pacific,Workplace & Office Solutions,Ergonomic Smart Desk Suite,18,1600,28800,0.388,11174.4,17625.6,24575.27,-6949.67,-39.43
ORD-2023-1685,2024-05-11,Zenith Biopharma,Enterprise,Asia-Pacific,Workplace & Office Solutions,Ergonomic Smart Desk Suite,6,1600,9600,0.111,1065.6,8534.4,8254.73,279.67,3.28
ORD-2023-1352,2024-05-11,Horizon Media Network,Mid-Market,North America,Enterprise Software,Analytics Cloud Pro,1,2800,2800,0.082,229.6,2570.4,739.18,1831.22,71.24
ORD-2023-1871,2024-05-11,OmniCorp International,Enterprise,Europe,Hardware & Infrastructure,NVMe SAN Storage Array,9,8200,73800,0.35,25830.0,47970.0,66429.49,-18459.49,-38.48
ORD-2023-1773,2024-05-11,Quantum Dynamics,Enterprise,Europe,Professional Services,Cloud Migration Sprint,7,5000,35000,0.036,1260.0,33740.0,19908.26,13831.74,41.0
ORD-2023-1647,2024-05-11,Synergy BioLabs,Mid-Market,Europe,Hardware & Infrastructure,NVMe SAN Storage Array,1,8200,8200,0.035,287.0,7913.0,7056.45,856.55,10.82
ORD-2023-1025,2024-05-12,MegaRetail Logistics,Enterprise,North America,Hardware & Infrastructure,NVMe SAN Storage Array,14,8200,114800,0.339,38917.2,75882.8,93431.57,-17548.77,-23.13
ORD-2023-1552,2024-05-12,Horizon Media Network,Enterprise,North America,Enterprise Software,CyberSecurity Platform,6,3200,19200,0.111,2131.2,17068.8,5871.71,11197.09,65.6
ORD-2023-1350,2024-05-13,Precision Robotics Ltd,Mid-Market,Asia-Pacific,Workplace & Office Solutions,Modular Acoustic Pods,2,4200,8400,0.052,436.8,7963.2,7489.05,474.15,5.95
ORD-2023-1426,2024-05-13,Apex Horizon Distribution,Enterprise,Latin America,Hardware & Infrastructure,Industrial IoT Sensor Pack,16,1200,19200,0.51,9792.0,9408.0,15493.49,-6085.49,-64.68
ORD-2023-1810,2024-05-13,Quantum Dynamics,Mid-Market,Europe,Workplace & Office Solutions,Executive Telepresence Unit,3,2900,8700,0.036,313.2,8386.8,6989.4,1397.4,16.66
ORD-2023-1555,2024-05-13,Helios Solar Tech,Mid-Market,Latin America,Workplace & Office Solutions,Conference Audio Matrix,5,1100,5500,0.13,715.0,4785.0,4134.61,650.39,13.59
ORD-2023-2349,2024-05-13,Orion Consumer Goods,Mid-Market,Latin America,Enterprise Software,DevOps Automation Hub,2,1900,3800,0.216,820.8,2979.2,1151.9,1827.3,61.34
ORD-2023-1667,2024-05-14,Beacon Healthcare,Mid-Market,North America,Professional Services,Custom Integration Toolkit,5,2500,12500,0.081,1012.5,11487.5,7277.53,4209.97,36.65
ORD-2023-1125,2024-05-14,Beacon Healthcare,Enterprise,Asia-Pacific,Professional Services,Custom Integration Toolkit,8,2500,20000,0.084,1680.0,18320.0,10692.27,7627.73,41.64
ORD-2023-2406,2024-05-15,Global Wholesale Direct,Mid-Market,Asia-Pacific,Professional Services,Cloud Migration Sprint,4,5000,20000,0.375,7500.0,12500.0,11266.55,1233.45,9.87
ORD-2023-1485,2024-05-16,Apex Horizon Distribution,Enterprise,Latin America,Hardware & Infrastructure,NVMe SAN Storage Array,18,8200,147600,0.46099999999999997,68043.6,79556.4,133297.77,-53741.37,-67.55
ORD-2023-2202,2024-05-17,Apex Global Tech,Enterprise,Asia-Pacific,Workplace & Office Solutions,Executive Telepresence Unit,12,2900,34800,0.062,2157.6,32642.4,29927.63,2714.77,8.32
ORD-2023-2265,2024-05-17,Apex Global Tech,Enterprise,North America,Hardware & Infrastructure,High-Density Rack Switch,6,3800,22800,0.077,1755.6,21044.4,18106.22,2938.18,13.96
ORD-2023-2439,2024-05-17,Beacon Healthcare,Enterprise,Middle East & Africa,Hardware & Infrastructure,High-Density Rack Switch,7,3800,26600,0.062,1649.2,24950.8,21422.06,3528.74,14.14
ORD-2023-1855,2024-05-17,Beacon Healthcare,Enterprise,Asia-Pacific,Enterprise Software,DevOps Automation Hub,6,1900,11400,0.056,638.4,10761.6,3703.18,7058.42,65.59
ORD-2023-1964,2024-05-17,OmniCorp International,Enterprise,Europe,Hardware & Infrastructure,Edge AI Gateway Server,8,6500,52000,0.416,21632.0,30368.0,40153.56,-9785.56,-32.22
ORD-2023-2139,2024-05-18,Global Wholesale Direct,Mid-Market,Asia-Pacific,Workplace & Office Solutions,Ergonomic Smart Desk Suite,5,1600,8000,0.333,2664.0,5336.0,6581.39,-1245.39,-23.34
ORD-2023-1888,2024-05-18,Beacon Healthcare,Mid-Market,Asia-Pacific,Professional Services,Architecture Review & Audit,3,3500,10500,0.074,777.0,9723.0,5408.25,4314.75,44.38
ORD-2023-1955,2024-05-19,MegaRetail Logistics,Enterprise,North America,Professional Services,Custom Integration Toolkit,11,2500,27500,0.32,8800.0,18700.0,16070.97,2629.03,14.06
ORD-2023-1398,2024-05-20,MegaRetail Logistics,Enterprise,North America,Hardware & Infrastructure,Industrial IoT Sensor Pack,9,1200,10800,0.48,5184.0,5616.0,8512.01,-2896.01,-51.57
ORD-2023-1178,2024-05-20,OmniCorp International,Enterprise,Europe,Hardware & Infrastructure,Edge AI Gateway Server,6,6500,39000,0.359,14001.0,24999.0,29470.63,-4471.63,-17.89
ORD-2023-2378,2024-05-21,Global Wholesale Direct,Mid-Market,Asia-Pacific,Hardware & Infrastructure,Edge AI Gateway Server,5,6500,32500,0.331,10757.5,21742.5,22840.96,-1098.46,-5.05
ORD-2023-1327,2024-05-22,Apex Horizon Distribution,Enterprise,Latin America,Professional Services,Architecture Review & Audit,15,3500,52500,0.351,18427.5,34072.5,26336.37,7736.13,22.7
ORD-2023-2355,2024-05-22,Global Wholesale Direct,Enterprise,Asia-Pacific,Professional Services,Custom Integration Toolkit,15,2500,37500,0.398,14925.0,22575.0,22533.52,41.48,0.18
ORD-2023-2234,2024-05-22,Apex Global Tech,Enterprise,North America,Workplace & Office Solutions,Modular Acoustic Pods,11,4200,46200,0.068,3141.6,43058.4,41297.32,1761.08,4.09
ORD-2023-1213,2024-05-23,Summit Capital Advisors,Mid-Market,Latin America,Workplace & Office Solutions,Conference Audio Matrix,2,1100,2200,0.028,61.6,2138.4,1696.18,442.22,20.68
ORD-2023-1429,2024-05-23,OmniCorp International,Enterprise,Middle East & Africa,Hardware & Infrastructure,Edge AI Gateway Server,18,6500,117000,0.304,35568.0,81432.0,90451.7,-9019.7,-11.08
ORD-2023-1793,2024-05-24,Global Wholesale Direct,Mid-Market,Asia-Pacific,Professional Services,Custom Integration Toolkit,4,2500,10000,0.347,3470.0,6530.0,5786.16,743.84,11.39
ORD-2023-1712,2024-05-24,Synergy BioLabs,Mid-Market,Europe,Professional Services,Cloud Migration Sprint,4,5000,20000,0.043,860.0,19140.0,11431.34,7708.66,40.28
ORD-2023-1722,2024-05-24,Vanguard Financial Systems,Enterprise,North America,Hardware & Infrastructure,Industrial IoT Sensor Pack,11,1200,13200,0.04,528.0,12672.0,9636.54,3035.46,23.95
ORD-2023-2181,2024-05-26,Cascade Industrial Works,Mid-Market,Asia-Pacific,Hardware & Infrastructure,NVMe SAN Storage Array,4,8200,32800,0.158,5182.4,27617.6,26748.96,868.64,3.15
ORD-2023-1203,2024-05-26,Vanguard Financial Systems,Mid-Market,North America,Workplace & Office Solutions,Ergonomic Smart Desk Suite,4,1600,6400,0.046,294.4,6105.6,5141.54,964.06,15.79
ORD-2023-1221,2024-05-26,Starlight Media,Mid-Market,Latin America,Enterprise Software,Cloud ERP Suite,3,4500,13500,0.454,6129.0,7371.0,3847.54,3523.46,47.8
ORD-2023-1913,2024-05-26,Precision Robotics Ltd,Mid-Market,Asia-Pacific,Hardware & Infrastructure,Edge AI Gateway Server,2,6500,13000,0.031,403.0,12597.0,10320.72,2276.28,18.07
ORD-2023-1333,2024-05-26,Apex Global Tech,Enterprise,North America,Enterprise Software,DevOps Automation Hub,13,1900,24700,0.028,691.6,24008.4,7717.07,16291.33,67.86
ORD-2023-1476,2024-05-27,Orion Consumer Goods,Mid-Market,Latin America,Enterprise Software,DevOps Automation Hub,4,1900,7600,0.132,1003.2,6596.8,2492.38,4104.42,62.22
ORD-2023-1735,2024-05-27,OmniCorp International,Enterprise,Latin America,Enterprise Software,DevOps Automation Hub,18,1900,34200,0.306,10465.2,23734.8,10737.52,12997.28,54.76
ORD-2023-2300,2024-05-27,Nexus Telecom,Enterprise,Asia-Pacific,Professional Services,24/7 Managed SRE Support,7,4000,28000,0.099,2772.0,25228.0,17602.02,7625.98,30.23
ORD-2023-1383,2024-05-28,Precision Robotics Ltd,Mid-Market,Asia-Pacific,Enterprise Software,DevOps Automation Hub,3,1900,5700,0.058,330.6,5369.4,1809.12,3560.28,66.31
ORD-2023-2216,2024-05-29,Beacon Healthcare,Enterprise,Asia-Pacific,Workplace & Office Solutions,Conference Audio Matrix,10,1100,11000,0.054,594.0,10406.0,9127.64,1278.36,12.28
ORD-2023-1395,2024-05-29,OmniCorp International,Mid-Market,Europe,Enterprise Software,Analytics Cloud Pro,5,2800,14000,0.394,5516.0,8484.0,3348.97,5135.03,60.53
ORD-2023-1417,2024-05-29,Titan Energy Partners,Enterprise,Middle East & Africa,Workplace & Office Solutions,Conference Audio Matrix,12,1100,13200,0.039,514.8,12685.2,10048.6,2636.6,20.78
ORD-2023-2027,2024-05-29,Horizon Media Network,Enterprise,North America,Enterprise Software,CyberSecurity Platform,8,3200,25600,0.151,3865.6,21734.4,7338.84,14395.56,66.23
ORD-2023-2182,2024-05-29,OmniCorp International,Enterprise,Europe,Enterprise Software,Analytics Cloud Pro,8,2800,22400,0.448,10035.2,12364.8,5409.88,6954.92,56.25
ORD-2023-2385,2024-05-29,Starlight Media,Enterprise,Latin America,Hardware & Infrastructure,High-Density Rack Switch,7,3800,26600,0.436,11597.6,15002.4,21860.02,-6857.62,-45.71
ORD-2023-1307,2024-05-29,Global Wholesale Direct,Mid-Market,Asia-Pacific,Professional Services,24/7 Managed SRE Support,4,4000,16000,0.466,7456.0,8544.0,9961.19,-1417.19,-16.59
ORD-2023-1122,2024-05-29,Helios Solar Tech,Mid-Market,Europe,Workplace & Office Solutions,Ergonomic Smart Desk Suite,3,1600,4800,0.167,801.6,3998.4,4022.3,-23.9,-0.6
ORD-2023-2334,2024-05-30,Orion Consumer Goods,Enterprise,North America,Workplace & Office Solutions,Ergonomic Smart Desk Suite,8,1600,12800,0.178,2278.4,10521.6,10305.82,215.78,2.05
ORD-2023-2391,2024-05-30,Beacon Healthcare,Mid-Market,Asia-Pacific,Enterprise Software,Cloud ERP Suite,5,4500,22500,0.085,1912.5,20587.5,6185.25,14402.25,69.96
ORD-2023-2252,2024-05-30,Global Wholesale Direct,Enterprise,North America,Workplace & Office Solutions,Modular Acoustic Pods,12,4200,50400,0.462,23284.8,27115.2,41977.51,-14862.31,-54.81
ORD-2023-1882,2024-05-31,Starlight Media,Mid-Market,Europe,Enterprise Software,Cloud ERP Suite,4,4500,18000,0.52,9360.0,8640.0,4856.22,3783.78,43.79
ORD-2023-1245,2024-05-31,Apex Global Tech,Enterprise,North America,Professional Services,Cloud Migration Sprint,9,5000,45000,0.047,2115.0,42885.0,25741.33,17143.67,39.98
ORD-2023-1516,2024-05-31,Apex Global Tech,Enterprise,Middle East & Africa,Enterprise Software,DevOps Automation Hub,10,1900,19000,0.028,532.0,18468.0,6089.09,12378.91,67.03
ORD-2023-2016,2024-06-01,Zenith Biopharma,Mid-Market,Asia-Pacific,Workplace & Office Solutions,Executive Telepresence Unit,3,2900,8700,0.059,513.3,8186.7,7662.0,524.7,6.41
ORD-2023-1460,2024-06-01,Quantum Dynamics,Enterprise,Europe,Professional Services,24/7 Managed SRE Support,10,4000,40000,0.058,2320.0,37680.0,25679.99,12000.01,31.85
ORD-2023-2116,2024-06-02,Apex Horizon Distribution,Enterprise,Latin America,Hardware & Infrastructure,NVMe SAN Storage Array,7,8200,57400,0.40800000000000003,23419.2,33980.8,49896.44,-15915.64,-46.84
ORD-2023-1039,2024-06-02,Discount Express Corp,Mid-Market,Middle East & Africa,Enterprise Software,Cloud ERP Suite,4,4500,18000,0.438,7884.0,10116.0,5142.35,4973.65,49.17
ORD-2023-1472,2024-06-03,Orion Consumer Goods,Enterprise,Asia-Pacific,Hardware & Infrastructure,Industrial IoT Sensor Pack,6,1200,7200,0.15,1080.0,6120.0,5249.33,870.67,14.23
ORD-2023-1180,2024-06-03,Vanguard Financial Systems,Enterprise,North America,Professional Services,Cloud Migration Sprint,8,5000,40000,0.014,560.0,39440.0,22624.59,16815.41,42.64
ORD-2023-1225,2024-06-04,Titan Energy Partners,Enterprise,Middle East & Africa,Hardware & Infrastructure,High-Density Rack Switch,8,3800,30400,0.033,1003.2,29396.8,26736.07,2660.73,9.05
ORD-2023-1765,2024-06-05,Apex Global Tech,Enterprise,Middle East & Africa,Workplace & Office Solutions,Executive Telepresence Unit,10,2900,29000,0.045,1305.0,27695.0,25886.93,1808.07,6.53
ORD-2023-1247,2024-06-05,MegaRetail Logistics,Enterprise,North America,Professional Services,Architecture Review & Audit,7,3500,24500,0.372,9114.0,15386.0,12035.94,3350.06,21.77
ORD-2023-1052,2024-06-05,Sterling & Cross Partners,Enterprise,Europe,Enterprise Software,Analytics Cloud Pro,6,2800,16800,0.086,1444.8,15355.2,4525.71,10829.49,70.53
ORD-2023-2066,2024-06-05,Nexus Telecom,Mid-Market,Asia-Pacific,Enterprise Software,CyberSecurity Platform,3,3200,9600,0.106,1017.6,8582.4,2863.48,5718.92,66.64
ORD-2023-1278,2024-06-06,Summit Capital Advisors,Mid-Market,North America,Hardware & Infrastructure,Industrial IoT Sensor Pack,1,1200,1200,0.018,21.6,1178.4,861.51,316.89,26.89
ORD-2023-1590,2024-06-06,Vanguard Financial Systems,Enterprise,Asia-Pacific,Hardware & Infrastructure,Edge AI Gateway Server,12,6500,78000,0.041,3198.0,74802.0,56454.75,18347.25,24.53
ORD-2023-2419,2024-06-07,MegaRetail Logistics,Enterprise,North America,Enterprise Software,Cloud ERP Suite,15,4500,67500,0.433,29227.5,38272.5,17224.07,21048.43,55.0
ORD-2023-1495,2024-06-07,Global Wholesale Direct,Mid-Market,Asia-Pacific,Workplace & Office Solutions,Executive Telepresence Unit,5,2900,14500,0.334,4843.0,9657.0,12789.8,-3132.8,-32.44
ORD-2023-1526,2024-06-07,Global Wholesale Direct,Enterprise,Asia-Pacific,Hardware & Infrastructure,Industrial IoT Sensor Pack,7,1200,8400,0.461,3872.4,4527.6,6639.24,-2111.64,-46.64
ORD-2023-2207,2024-06-07,Discount Express Corp,Enterprise,Middle East & Africa,Professional Services,Architecture Review & Audit,6,3500,21000,0.513,10773.0,10227.0,10849.24,-622.24,-6.08
ORD-2023-1390,2024-06-07,Acrobat Logistics Group,Enterprise,Latin America,Enterprise Software,DevOps Automation Hub,8,1900,15200,0.136,2067.2,13132.8,4871.76,8261.04,62.9
ORD-2023-1355,2024-06-07,Quantum Dynamics,Enterprise,Europe,Workplace & Office Solutions,Modular Acoustic Pods,11,4200,46200,0.038,1755.6,44444.4,38207.94,6236.46,14.03
ORD-2023-1604,2024-06-07,Quantum Dynamics,Mid-Market,Middle East & Africa,Professional Services,Custom Integration Toolkit,5,2500,12500,0.05,625.0,11875.0,6852.1,5022.9,42.3
ORD-2023-1467,2024-06-07,Titan Energy Partners,Mid-Market,Middle East & Africa,Workplace & Office Solutions,Ergonomic Smart Desk Suite,3,1600,4800,0.08,384.0,4416.0,4356.35,59.65,1.35
ORD-2023-1520,2024-06-08,Vanguard Financial Systems,Enterprise,North America,Hardware & Infrastructure,High-Density Rack Switch,9,3800,34200,0.028,957.6,33242.4,29049.32,4193.08,12.61
ORD-2023-2126,2024-06-08,Apex Horizon Distribution,Enterprise,Latin America,Hardware & Infrastructure,Edge AI Gateway Server,10,6500,65000,0.268,17420.0,47580.0,49107.22,-1527.22,-3.21
ORD-2023-2096,2024-06-08,Vanguard Financial Systems,Enterprise,North America,Workplace & Office Solutions,Ergonomic Smart Desk Suite,10,1600,16000,0.069,1104.0,14896.0,14494.86,401.14,2.69
ORD-2023-2214,2024-06-09,Sterling & Cross Partners,Mid-Market,Europe,Hardware & Infrastructure,NVMe SAN Storage Array,1,8200,8200,0.114,934.8,7265.2,7144.83,120.37,1.66
ORD-2023-1408,2024-06-09,Apex Global Tech,Enterprise,North America,Hardware & Infrastructure,NVMe SAN Storage Array,9,8200,73800,0.023,1697.4,72102.6,61407.54,10695.06,14.83
ORD-2023-2381,2024-06-09,Vanguard Financial Systems,Enterprise,North America,Professional Services,Custom Integration Toolkit,10,2500,25000,0.022,550.0,24450.0,14028.37,10421.63,42.62
ORD-2023-1537,2024-06-10,Horizon Media Network,Enterprise,North America,Professional Services,Cloud Migration Sprint,6,5000,30000,0.142,4260.0,25740.0,16933.1,8806.9,34.21
ORD-2023-1530,2024-06-10,Horizon Media Network,Mid-Market,North America,Enterprise Software,CyberSecurity Platform,3,3200,9600,0.081,777.6,8822.4,2722.55,6099.85,69.14
ORD-2023-1061,2024-06-11,OmniCorp International,Enterprise,Europe,Hardware & Infrastructure,Edge AI Gateway Server,8,6500,52000,0.393,20436.0,31564.0,39571.35,-8007.35,-25.37
ORD-2023-1935,2024-06-12,Vanguard Financial Systems,Enterprise,North America,Enterprise Software,CyberSecurity Platform,6,3200,19200,0.053,1017.6,18182.4,5983.8,12198.6,67.09
ORD-2023-2304,2024-06-12,Apex Horizon Distribution,Enterprise,Latin America,Hardware & Infrastructure,High-Density Rack Switch,12,3800,45600,0.419,19106.4,26493.6,37870.62,-11377.02,-42.94
ORD-2023-2065,2024-06-13,MegaRetail Logistics,Enterprise,North America,Professional Services,Cloud Migration Sprint,11,5000,55000,0.359,19745.0,35255.0,30030.7,5224.3,14.82
ORD-2023-2055,2024-06-13,Orion Consumer Goods,Enterprise,Latin America,Workplace & Office Solutions,Modular Acoustic Pods,6,4200,25200,0.196,4939.2,20260.8,23001.72,-2740.92,-13.53
ORD-2023-1606,2024-06-14,Global Wholesale Direct,Mid-Market,Asia-Pacific,Hardware & Infrastructure,Industrial IoT Sensor Pack,5,1200,6000,0.403,2418.0,3582.0,4678.19,-1096.19,-30.6
ORD-2023-2398,2024-06-15,Beacon Healthcare,Enterprise,Asia-Pacific,Workplace & Office Solutions,Ergonomic Smart Desk Suite,7,1600,11200,0.076,851.2,10348.8,9002.96,1345.84,13.0
ORD-2023-1533,2024-06-17,Orion Consumer Goods,Mid-Market,Latin America,Professional Services,Architecture Review & Audit,3,3500,10500,0.127,1333.5,9166.5,5484.61,3681.89,40.17
ORD-2023-1588,2024-06-17,Quantum Dynamics,Enterprise,Europe,Enterprise Software,DevOps Automation Hub,9,1900,17100,0.05,855.0,16245.0,5806.4,10438.6,64.26
ORD-2023-2162,2024-06-18,Quantum Dynamics,Enterprise,Europe,Enterprise Software,Cloud ERP Suite,6,4500,27000,0.085,2295.0,24705.0,7191.62,17513.38,70.89
ORD-2023-1084,2024-06-18,Apex Global Tech,Mid-Market,Latin America,Hardware & Infrastructure,Industrial IoT Sensor Pack,5,1200,6000,0.078,468.0,5532.0,4747.8,784.2,14.18
ORD-2023-1513,2024-06-18,Zenith Biopharma,Mid-Market,Asia-Pacific,Professional Services,24/7 Managed SRE Support,5,4000,20000,0.076,1520.0,18480.0,11565.86,6914.14,37.41
ORD-2023-2122,2024-06-19,Cascade Industrial Works,Mid-Market,Middle East & Africa,Hardware & Infrastructure,Industrial IoT Sensor Pack,1,1200,1200,0.154,184.8,1015.2,938.82,76.38,7.52
ORD-2023-1802,2024-06-19,Vanguard Financial Systems,Enterprise,North America,Enterprise Software,CyberSecurity Platform,13,3200,41600,0.038,1580.8,40019.2,12821.15,27198.05,67.96
ORD-2023-1098,2024-06-19,MegaRetail Logistics,Enterprise,North America,Workplace & Office Solutions,Executive Telepresence Unit,16,2900,46400,0.368,17075.2,29324.8,41869.74,-12544.94,-42.78
ORD-2023-1445,2024-06-19,Acrobat Logistics Group,Enterprise,Latin America,Hardware & Infrastructure,Edge AI Gateway Server,7,6500,45500,0.142,6461.0,39039.0,35706.59,3332.41,8.54
ORD-2023-1450,2024-06-19,Quantum Dynamics,Mid-Market,Europe,Professional Services,Custom Integration Toolkit,3,2500,7500,0.085,637.5,6862.5,4051.44,2811.06,40.96
ORD-2023-2404,2024-06-19,Nexus Telecom,Mid-Market,Asia-Pacific,Hardware & Infrastructure,Industrial IoT Sensor Pack,3,1200,3600,0.177,637.2,2962.8,2783.95,178.85,6.04
ORD-2023-1692,2024-06-20,MegaRetail Logistics,Enterprise,North America,Hardware & Infrastructure,NVMe SAN Storage Array,15,8200,123000,0.464,57072.0,65928.0,104111.52,-38183.52,-57.92
ORD-2023-1622,2024-06-20,Beacon Healthcare,Enterprise,Latin America,Enterprise Software,Cloud ERP Suite,9,4500,40500,0.078,3159.0,37341.0,10376.88,26964.12,72.21
ORD-2023-2105,2024-06-20,Orion Consumer Goods,Mid-Market,Asia-Pacific,Hardware & Infrastructure,High-Density Rack Switch,5,3800,19000,0.127,2413.0,16587.0,14840.77,1746.23,10.53
ORD-2023-1458,2024-06-20,Global Wholesale Direct,Enterprise,Asia-Pacific,Professional Services,Custom Integration Toolkit,6,2500,15000,0.478,7170.0,7830.0,8011.61,-181.61,-2.32
ORD-2023-1701,2024-06-21,Apex Horizon Distribution,Enterprise,Latin America,Workplace & Office Solutions,Conference Audio Matrix,10,1100,11000,0.359,3949.0,7051.0,8853.04,-1802.04,-25.56
ORD-2023-2256,2024-06-21,MegaRetail Logistics,Enterprise,North America,Enterprise Software,DevOps Automation Hub,12,1900,22800,0.347,7911.6,14888.4,7637.92,7250.48,48.7
ORD-2023-2321,2024-06-21,Beacon Healthcare,Enterprise,Asia-Pacific,Professional Services,Custom Integration Toolkit,9,2500,22500,0.051,1147.5,21352.5,13432.85,7919.65,37.09
ORD-2023-1940,2024-06-22,Apex Horizon Distribution,Enterprise,Europe,Enterprise Software,Cloud ERP Suite,15,4500,67500,0.324,21870.0,45630.0,19252.77,26377.23,57.81
ORD-2023-1768,2024-06-23,Helios Solar Tech,Mid-Market,Europe,Workplace & Office Solutions,Ergonomic Smart Desk Suite,3,1600,4800,0.169,811.2,3988.8,4365.4,-376.6,-9.44
ORD-2023-1968,2024-06-23,Titan Energy Partners,Enterprise,Middle East & Africa,Hardware & Infrastructure,High-Density Rack Switch,10,3800,38000,0.058,2204.0,35796.0,31564.45,4231.55,11.82
ORD-2023-2080,2024-06-23,Cascade Industrial Works,Mid-Market,Middle East & Africa,Professional Services,24/7 Managed SRE Support,3,4000,12000,0.188,2256.0,9744.0,7773.84,1970.16,20.22
ORD-2023-1719,2024-06-23,Quantum Dynamics,Enterprise,Europe,Enterprise Software,Analytics Cloud Pro,8,2800,22400,0.059,1321.6,21078.4,5472.77,15605.63,74.04
ORD-2023-2221,2024-06-24,Cascade Industrial Works,Mid-Market,Middle East & Africa,Workplace & Office Solutions,Conference Audio Matrix,4,1100,4400,0.158,695.2,3704.8,3248.72,456.08,12.31
ORD-2023-2030,2024-06-24,Acrobat Logistics Group,Mid-Market,Latin America,Hardware & Infrastructure,Industrial IoT Sensor Pack,1,1200,1200,0.132,158.4,1041.6,868.41,173.19,16.63
ORD-2023-2486,2024-06-24,OmniCorp International,Enterprise,Europe,Workplace & Office Solutions,Ergonomic Smart Desk Suite,17,1600,27200,0.416,11315.2,15884.8,23613.79,-7728.99,-48.66
ORD-2023-1781,2024-06-26,Budget Office Outlet,Enterprise,Europe,Workplace & Office Solutions,Modular Acoustic Pods,6,4200,25200,0.437,11012.4,14187.6,20635.18,-6447.58,-45.45
ORD-2023-1220,2024-06-26,Horizon Media Network,Mid-Market,Asia-Pacific,Workplace & Office Solutions,Ergonomic Smart Desk Suite,3,1600,4800,0.103,494.4,4305.6,4013.02,292.58,6.8
ORD-2023-2166,2024-06-27,Acrobat Logistics Group,Mid-Market,Latin America,Hardware & Infrastructure,Edge AI Gateway Server,2,6500,13000,0.128,1664.0,11336.0,10137.18,1198.82,10.58
ORD-2023-1262,2024-06-27,Orion Consumer Goods,Mid-Market,Latin America,Hardware & Infrastructure,High-Density Rack Switch,1,3800,3800,0.293,1113.4,2686.6,2985.38,-298.78,-11.12
ORD-2023-1165,2024-06-27,Quantum Dynamics,Mid-Market,Europe,Hardware & Infrastructure,Edge AI Gateway Server,4,6500,26000,0.045,1170.0,24830.0,19287.9,5542.1,22.32
ORD-2023-1757,2024-06-28,FinTech Innovations,Mid-Market,North America,Hardware & Infrastructure,High-Density Rack Switch,4,3800,15200,0.025,380.0,14820.0,12772.3,2047.7,13.82
ORD-2023-2213,2024-06-28,Vanguard Financial Systems,Enterprise,North America,Workplace & Office Solutions,Executive Telepresence Unit,8,2900,23200,0.043,997.6,22202.4,20867.39,1335.01,6.01
ORD-2023-2053,2024-06-29,Cascade Industrial Works,Mid-Market,Middle East & Africa,Professional Services,Architecture Review & Audit,1,3500,3500,0.151,528.5,2971.5,1869.28,1102.22,37.09
ORD-2023-1914,2024-06-29,MegaRetail Logistics,Enterprise,North America,Workplace & Office Solutions,Conference Audio Matrix,18,1100,19800,0.446,8830.8,10969.2,16231.17,-5261.97,-47.97
ORD-2023-1693,2024-06-29,Global Wholesale Direct,Mid-Market,Europe,Hardware & Infrastructure,NVMe SAN Storage Array,5,8200,41000,0.491,20131.0,20869.0,33305.97,-12436.97,-59.6
ORD-2023-2254,2024-06-29,Quantum Dynamics,Enterprise,Europe,Workplace & Office Solutions,Modular Acoustic Pods,13,4200,54600,0.091,4968.6,49631.4,50370.84,-739.44,-1.49
ORD-2023-1626,2024-06-30,OmniCorp International,Enterprise,Europe,Workplace & Office Solutions,Modular Acoustic Pods,12,4200,50400,0.333,16783.2,33616.8,42989.7,-9372.9,-27.88
ORD-2023-1193,2024-06-30,Helios Solar Tech,Mid-Market,Middle East & Africa,Professional Services,Custom Integration Toolkit,4,2500,10000,0.102,1020.0,8980.0,6022.95,2957.05,32.93
